Model,Chain,Residue Index,Sequence,Output 0,Output 1,Output 2,Output 3,Output 4,Output 5,Output 6,Output 7,Output 8,Output 9,Output 10,Output 11,Output 12,Output 13,Output 14,Output 15,Output 16,Output 17,Output 18,Output 19,Output 20,Output 21,Output 22,Output 23,Output 24,Output 25,Output 26,Output 27,Output 28,Output 29,Output 30,Output 31,Output 32,Output 33,Output 34,Output 35,Output 36,Output 37,Output 38,Output 39,Output 40,Output 41,Output 42,Output 43,Output 44,Output 45,Output 46,Output 47,Output 48,Output 49,Output 50,Output 51,Output 52,Output 53,Output 54,Output 55,Output 56,Output 57,Output 58,Output 59,Output 60,Output 61,Output 62,Output 63,Output 64,Output 65,Output 66,Output 67,Output 68,Output 69,Output 70,Output 71,Output 72,Output 73,Output 74,Output 75,Output 76,Output 77,Output 78,Output 79,Output 80,Output 81,Output 82,Output 83,Output 84,Output 85,Output 86,Output 87,Output 88,Output 89,Output 90,Output 91,Output 92,Output 93,Output 94,Output 95,Output 96,Output 97,Output 98,Output 99,Output 100,Output 101,Output 102,Output 103,Output 104,Output 105,Output 106,Output 107
0,A,3,V,0.000,0.000,0.000,0.000,0.000,0.000,0.000,0.000,0.000,0.000,1.556,0.000,0.000,0.000,0.000,0.000,0.000,0.000,0.000,0.000,0.000,0.000,0.000,0.000,0.000,0.773,0.000,0.000,0.000,0.000,0.000,0.000,0.000,0.008,0.000,0.000,0.000,0.000,0.000,0.000,0.000,0.030,0.074,1.010,0.515,0.000,0.000,0.000,0.000,0.000,0.000,0.000,0.656,0.000,0.000,0.000,0.000,0.000,3.595,4.887,0.000,0.000,0.000,0.000,0.000,0.000,0.635,0.000,0.000,0.000,0.000,0.000,1.199,0.000,0.000,0.000,1.673,0.000,0.000,0.000,0.557,0.000,0.000,2.459,0.000,0.000,0.300,0.164,0.000,0.000,0.148,0.000,0.000,0.000,0.000,0.000
0,A,4,I,0.000,0.000,0.000,0.000,0.000,0.000,0.000,0.000,0.000,0.000,1.957,0.000,0.228,0.000,0.000,0.000,0.000,0.000,0.000,0.000,0.000,0.000,0.057,0.000,0.757,0.000,0.000,0.000,0.000,0.000,0.000,0.000,0.000,0.000,0.000,0.000,0.896,0.000,0.000,0.000,0.000,1.352,0.000,0.782,1.569,0.000,0.000,0.000,0.000,0.000,0.000,0.000,0.000,0.000,0.000,0.511,0.000,0.000,0.091,0.000,0.000,0.000,0.000,0.000,0.000,0.000,0.217,0.000,0.000,0.514,0.000,0.741,0.000,0.000,0.000,0.000,0.847,0.092,0.000,0.000,0.000,0.000,0.000,3.554,0.000,0.000,0.000,0.000,0.177,0.000,0.000,0.000,0.000,0.000,0.915,0.016
0,A,5,N,0.000,0.000,0.000,0.000,2.210,0.000,0.000,0.000,0.000,0.000,0.000,0.000,0.000,0.000,0.000,0.000,0.000,0.000,1.081,0.275,0.000,0.000,0.000,0.000,1.368,0.316,0.000,0.000,0.000,0.000,0.000,0.608,0.000,0.000,0.000,0.000,0.000,0.000,0.000,0.000,0.000,0.000,0.000,0.000,1.946,0.000,0.000,0.000,0.000,0.000,0.000,0.000,0.000,0.000,0.000,0.288,0.000,0.000,0.000,0.000,0.000,0.000,0.000,0.000,0.000,0.000,0.000,0.000,0.000,0.000,0.000,0.000,0.000,0.000,0.000,0.000,0.000,0.000,0.000,0.000,0.433,0.000,0.000,0.000,0.000,2.289,0.000,0.000,0.191,0.000,0.354,0.000,0.000,0.736,0.000,0.000
0,A,6,T,0.000,0.000,0.000,0.000,1.324,0.108,0.000,0.000,0.000,0.000,0.000,0.000,1.268,0.000,0.000,0.000,0.000,0.000,0.000,0.000,0.000,0.000,0.000,0.000,0.000,0.000,0.000,0.000,0.000,0.000,0.000,0.000,0.000,0.000,0.000,0.000,0.000,0.000,0.000,0.000,0.000,0.436,0.000,0.000,1.129,0.000,0.000,0.000,0.000,0.000,0.000,0.000,0.000,0.000,0.000,0.444,0.000,0.000,0.000,0.000,0.000,0.000,0.000,0.000,0.000,0.000,0.000,0.000,0.000,2.266,0.000,0.000,0.000,0.000,0.000,0.000,0.000,0.000,0.000,0.000,0.165,0.000,0.000,0.000,0.000,1.797,0.000,0.000,1.525,0.000,0.125,0.000,0.000,0.412,0.000,0.000
0,A,7,F,0.000,0.000,0.000,0.000,0.000,0.000,0.000,0.000,0.000,0.000,0.000,0.000,0.000,0.000,0.000,0.000,0.000,0.000,0.000,0.000,0.000,0.000,0.000,0.000,0.000,0.000,0.000,0.000,0.000,1.212,0.000,0.000,0.000,0.305,1.162,0.000,0.510,0.000,0.000,0.640,0.000,0.477,0.000,1.914,2.813,0.000,0.000,0.000,0.000,0.000,0.524,0.000,0.000,0.000,0.000,0.000,1.374,0.000,0.000,0.000,0.000,0.000,0.000,0.942,0.000,0.000,0.000,0.000,0.000,0.403,0.000,0.000,0.000,0.000,0.000,0.000,0.168,1.574,0.000,0.000,0.000,0.000,0.000,0.166,0.000,1.017,0.000,0.000,0.000,0.000,0.500,0.000,0.000,0.000,0.000,0.000
0,A,8,D,0.000,0.360,0.000,0.000,1.782,0.000,0.000,0.000,0.000,0.000,0.000,0.000,0.000,0.000,0.000,0.000,0.000,0.000,1.452,0.000,0.000,0.000,0.000,0.000,0.000,2.648,0.000,0.000,0.000,0.000,0.000,0.000,0.000,0.000,0.000,0.665,0.000,0.000,0.000,0.384,0.000,0.000,0.049,0.000,0.832,0.000,0.152,0.000,0.690,0.000,0.000,0.000,0.000,0.200,0.041,0.512,0.000,0.000,0.438,0.000,0.000,0.000,0.000,0.000,0.000,0.000,0.000,0.000,0.000,0.682,0.000,0.000,0.375,0.000,0.000,0.000,0.000,1.071,0.000,0.238,0.347,0.000,0.000,0.745,0.000,0.000,0.000,0.417,1.147,0.000,0.000,0.000,0.000,0.000,0.000,0.000
0,A,9,G,0.000,0.000,0.000,0.000,0.000,0.000,0.000,0.000,0.000,0.000,0.000,0.000,0.000,0.000,0.000,0.000,0.000,0.000,0.000,0.000,0.000,0.000,0.300,0.000,0.000,0.000,0.000,0.000,0.000,0.074,0.000,0.000,0.000,0.000,0.000,0.458,0.000,0.000,0.000,0.000,0.000,1.717,0.000,0.000,1.829,0.000,0.000,0.000,1.977,0.000,0.105,0.000,0.000,0.000,0.000,0.000,0.000,0.000,0.000,0.000,0.000,0.000,0.760,0.000,0.000,0.000,0.000,0.000,0.000,0.000,0.000,0.000,0.000,0.000,0.000,0.000,0.000,0.000,0.000,2.160,0.085,0.000,0.000,0.000,0.000,0.000,0.000,0.000,1.079,0.000,0.000,0.000,0.000,0.427,0.000,0.000
0,A,10,V,0.000,0.000,0.000,0.000,0.000,0.000,0.000,0.000,0.000,0.000,1.556,0.000,0.000,0.000,0.000,0.000,0.000,0.000,0.000,0.000,0.000,0.000,0.000,0.000,0.000,0.773,0.000,0.000,0.000,0.000,0.000,0.000,0.000,0.000,0.227,0.000,0.000,0.000,0.000,0.000,0.000,0.507,0.000,0.000,3.583,0.000,0.000,0.000,0.000,0.000,0.000,0.000,0.000,0.000,0.000,0.000,0.395,0.000,0.000,0.000,0.000,0.000,0.000,0.000,0.000,0.000,0.000,0.000,0.000,0.000,0.000,0.000,0.000,0.000,0.000,0.000,0.000,0.000,0.000,0.000,0.000,0.000,0.000,0.000,0.000,0.000,0.000,0.000,0.000,0.000,0.000,0.000,0.000,1.178,0.000,0.320
0,A,11,A,0.000,0.000,0.000,0.000,0.327,0.000,0.000,0.000,0.000,0.000,0.000,0.000,0.000,0.000,0.000,0.000,0.000,0.000,1.186,0.000,0.000,0.000,0.000,0.000,0.000,0.000,0.000,0.000,0.000,1.101,0.000,0.000,0.000,0.000,0.917,0.000,0.000,0.000,0.000,0.000,0.585,0.000,0.000,0.000,2.937,0.000,0.000,1.101,0.000,0.431,0.000,0.417,0.000,0.000,0.000,0.000,0.126,0.000,0.000,0.000,0.000,0.000,0.000,0.000,0.000,0.000,0.000,0.000,0.000,1.039,0.000,0.000,0.000,1.322,0.000,0.000,0.000,0.000,0.000,0.000,0.000,0.000,0.000,0.000,0.000,0.000,0.000,0.000,0.000,0.000,0.000,0.000,0.000,0.278,0.000,0.000
0,A,12,D,0.000,0.360,0.000,0.000,1.782,0.000,0.000,0.000,0.000,0.000,0.000,0.000,0.000,0.000,0.000,0.000,0.000,0.000,1.452,0.000,0.000,0.000,0.000,0.000,0.000,2.648,0.000,0.000,0.000,0.000,0.000,0.000,0.000,0.000,0.000,3.037,0.000,0.000,0.000,0.000,0.000,0.000,0.000,0.000,1.258,0.000,0.038,1.535,0.000,0.000,0.000,0.000,0.000,0.000,0.000,0.000,0.000,0.000,0.533,0.000,0.000,0.000,0.000,0.000,0.000,0.000,0.000,0.000,0.000,0.000,0.000,0.000,0.000,0.000,0.000,0.000,0.000,0.453,0.000,0.000,0.316,0.000,0.000,0.480,0.000,0.000,0.000,0.000,1.191,0.000,0.000,0.000,0.000,0.000,0.000,0.000
0,A,13,Y,0.000,0.000,0.000,0.000,0.462,0.000,0.000,0.000,0.000,0.000,1.336,0.000,0.035,0.000,0.000,0.000,0.000,0.000,0.000,0.000,1.123,0.000,0.000,0.000,1.202,0.000,0.000,0.000,0.000,0.000,0.055,0.000,0.567,0.000,0.675,0.000,0.713,0.000,0.000,2.218,0.000,1.185,0.000,0.803,2.375,0.000,0.000,0.000,0.000,0.000,0.097,0.000,0.000,0.000,0.000,0.000,0.514,0.000,0.000,0.000,0.000,0.000,0.000,2.308,0.000,0.000,0.000,0.000,0.000,0.000,0.000,0.000,0.000,0.296,0.000,0.000,0.635,0.000,0.000,0.000,0.000,0.000,0.000,0.000,0.000,0.000,0.000,0.000,0.000,0.000,0.000,0.000,0.000,0.000,0.000,0.000
0,A,14,L,0.000,0.000,0.000,0.000,0.000,0.000,0.000,0.000,0.000,0.000,2.023,0.000,0.484,0.000,0.000,0.000,0.000,0.000,0.000,0.000,0.000,0.000,0.000,0.000,0.000,0.000,0.000,0.000,0.000,0.000,0.000,0.000,0.000,0.000,0.500,0.000,1.239,0.000,0.000,0.000,0.000,1.160,0.000,0.000,3.335,0.000,0.000,0.312,0.000,0.000,0.000,0.000,0.000,0.000,0.000,0.000,0.337,0.000,0.000,0.530,0.000,0.000,0.000,0.000,0.000,0.000,0.000,0.000,0.000,0.000,0.000,0.000,0.000,0.074,0.000,0.000,0.000,0.000,0.000,0.000,0.000,0.000,0.000,0.212,0.000,0.000,0.000,0.000,0.000,0.000,0.000,0.000,0.000,0.000,0.466,0.000
0,A,15,Q,0.000,0.000,0.000,0.000,0.000,0.000,0.000,0.000,0.000,0.000,0.000,0.000,1.053,0.000,0.000,0.000,0.000,0.000,2.594,0.000,0.000,0.000,0.000,0.000,0.000,0.000,1.318,0.000,0.000,0.000,0.000,0.000,0.101,0.000,0.000,0.435,0.000,0.000,0.000,0.449,0.000,0.242,0.000,0.000,1.333,0.000,0.000,0.000,0.000,0.000,0.000,0.431,0.000,0.000,0.000,0.000,0.000,0.000,1.235,0.000,0.000,0.000,0.000,0.000,0.000,0.000,0.000,0.000,0.000,0.000,0.000,0.000,0.000,0.000,0.000,0.000,0.000,0.000,0.000,0.357,0.000,0.000,0.000,0.000,0.000,0.000,0.000,0.040,0.786,0.000,0.179,0.000,0.000,0.000,0.000,0.000
0,A,16,T,0.000,0.000,0.000,0.000,1.324,0.108,0.000,0.000,0.000,0.000,0.000,0.000,1.268,0.000,0.000,0.000,0.000,0.000,0.000,0.000,0.000,0.000,0.000,0.000,0.000,0.000,0.000,0.000,0.000,0.000,0.000,0.000,1.128,0.000,0.000,0.000,0.171,0.672,0.000,0.000,0.000,1.387,0.000,0.000,0.923,0.000,0.000,0.000,0.000,0.000,0.000,0.000,0.984,0.000,0.000,0.000,0.000,0.000,1.497,0.000,0.000,0.000,0.000,0.000,0.000,0.000,0.000,0.000,0.000,0.000,0.000,0.000,0.000,0.000,0.000,0.000,0.772,0.000,0.000,0.000,0.000,0.000,0.000,1.043,0.000,0.000,0.000,0.000,2.789,0.000,0.000,0.000,0.000,0.000,0.000,0.000
0,A,17,Y,0.000,0.000,0.000,0.000,0.462,0.000,0.000,0.000,0.000,0.000,1.336,0.000,0.035,0.000,0.000,0.000,0.000,0.000,0.000,0.000,1.123,0.000,0.000,0.000,1.202,0.000,0.000,0.000,0.000,0.000,0.055,0.000,1.048,0.000,0.000,0.000,1.300,0.000,0.000,2.395,0.000,2.036,0.076,0.587,0.602,0.000,0.000,0.000,0.000,0.000,0.000,0.000,0.052,0.000,0.000,0.512,0.367,0.000,0.408,0.000,0.100,0.000,0.000,1.934,0.000,0.000,0.000,0.000,0.000,0.000,0.000,0.482,0.000,0.090,0.000,0.000,1.370,0.780,0.000,0.000,0.000,0.000,0.000,1.134,0.000,0.150,0.000,0.000,1.055,0.000,1.207,0.000,0.000,0.000,0.000,0.944
0,A,18,H,0.000,0.000,0.000,0.000,2.367,0.000,0.000,0.000,0.000,0.000,0.000,0.000,0.927,0.000,0.000,0.000,0.000,0.000,0.000,0.000,0.000,0.000,0.450,0.000,0.000,0.000,2.226,0.000,0.000,0.000,0.000,0.000,0.237,0.000,0.179,0.000,0.377,0.000,0.000,0.317,0.904,1.066,0.000,0.691,1.771,0.000,0.000,0.000,0.000,0.000,0.000,0.065,0.000,0.000,0.000,1.158,0.000,0.000,0.546,1.339,0.000,0.000,0.000,0.995,0.000,0.000,0.000,0.000,0.000,0.000,0.000,0.000,0.000,0.375,0.000,0.000,0.000,0.769,0.000,0.193,0.000,0.000,0.000,0.000,0.000,0.073,0.459,0.000,0.000,0.000,0.951,0.000,0.000,0.138,0.000,0.000
0,A,19,K,0.000,0.000,0.000,0.000,0.164,0.000,0.000,0.000,0.000,0.000,0.000,0.000,2.401,0.000,0.000,0.000,0.000,0.000,1.691,0.000,0.000,0.000,0.000,0.000,0.000,2.015,0.000,0.000,0.000,0.000,0.000,0.308,0.317,0.000,0.000,0.356,0.000,0.000,0.000,0.000,0.000,0.000,0.110,1.308,0.850,0.000,0.000,0.000,0.000,0.000,0.000,1.149,0.000,0.000,0.000,0.000,0.000,0.000,0.791,0.000,0.000,0.000,0.000,0.000,0.000,0.000,0.000,0.000,0.000,0.000,0.000,0.000,0.000,0.000,0.000,0.000,0.000,0.000,0.000,0.436,0.268,0.000,0.000,0.000,0.000,0.204,0.633,0.225,1.734,0.000,0.000,0.000,0.000,0.000,0.000,0.000
0,A,20,L,0.000,0.000,0.000,0.000,0.000,0.000,0.000,0.000,0.000,0.000,2.023,0.000,0.484,0.000,0.000,0.000,0.000,0.000,0.000,0.000,0.000,0.000,0.000,0.000,0.000,0.000,0.000,0.000,0.000,0.000,0.000,0.000,1.700,0.000,0.637,0.000,0.000,0.000,0.000,0.000,0.000,0.295,0.000,1.809,3.475,0.000,0.000,0.000,0.000,0.000,0.000,0.000,0.220,0.000,0.000,0.000,0.000,0.000,1.235,0.000,0.000,0.000,0.000,0.343,0.000,0.000,0.000,0.000,0.000,0.000,0.000,0.000,0.000,0.803,0.000,0.000,0.000,0.000,0.000,0.000,0.000,0.000,0.000,0.000,0.000,0.444,0.000,0.000,0.344,0.000,0.274,0.000,0.000,0.000,0.557,1.492
0,A,21,P,0.000,0.000,0.000,0.000,0.840,0.000,0.000,0.000,0.000,0.000,0.000,0.000,0.000,0.000,0.000,0.000,0.000,0.000,0.000,0.000,0.955,0.000,0.000,0.000,0.000,0.000,0.000,0.000,0.000,0.062,0.000,1.055,0.030,0.035,0.863,0.000,0.000,0.000,0.000,0.000,0.000,0.000,0.260,2.809,2.903,0.000,0.000,0.000,0.000,0.000,0.164,1.054,0.000,0.000,0.000,0.000,0.000,0.000,0.000,0.496,0.000,0.000,0.145,0.000,0.000,0.000,0.000,0.000,0.000,0.000,0.000,0.000,0.000,0.000,0.095,0.000,0.000,0.000,0.002,0.725,0.000,0.000,0.000,0.000,0.033,0.000,0.667,0.000,0.000,0.000,0.000,0.000,0.000,0.000,0.000,0.000
0,A,22,D,0.000,0.360,0.000,0.000,1.782,0.000,0.000,0.000,0.000,0.000,0.000,0.000,0.000,0.000,0.000,0.000,0.000,0.000,1.452,0.000,0.000,0.000,0.000,0.000,0.000,2.648,0.000,0.000,0.000,0.000,0.000,0.000,2.027,0.000,0.000,3.610,0.000,0.000,0.000,0.000,0.000,0.000,0.603,0.149,0.502,0.000,0.000,0.000,0.000,0.000,0.000,0.000,0.000,0.000,0.000,0.000,0.000,0.000,1.570,0.000,0.127,0.000,0.000,0.000,0.000,0.000,0.000,0.000,0.000,0.810,0.030,0.000,0.031,0.000,0.000,0.000,0.000,0.000,0.000,0.000,0.691,0.000,0.000,0.079,0.000,2.539,0.000,0.565,1.566,0.000,1.458,0.000,0.000,0.000,0.000,0.000
0,A,23,N,0.000,0.000,0.000,0.000,2.210,0.000,0.000,0.000,0.000,0.000,0.000,0.000,0.000,0.000,0.000,0.000,0.000,0.000,1.081,0.275,0.000,0.000,0.000,0.000,1.368,0.316,0.000,0.000,0.000,0.000,0.000,0.608,0.000,0.000,0.000,0.000,0.000,0.000,0.000,0.000,0.000,0.000,0.000,0.204,2.390,0.000,0.000,0.000,0.000,0.000,0.000,0.197,0.000,0.000,0.000,0.000,0.000,0.000,0.000,0.000,0.000,0.000,0.000,0.000,0.108,0.000,0.000,0.000,0.000,0.000,0.000,0.000,0.590,0.000,0.000,0.000,0.000,0.000,0.000,0.000,0.567,0.000,0.000,0.000,0.000,0.274,0.000,0.000,0.504,0.000,0.888,0.000,0.000,0.648,0.000,0.393
0,A,24,Y,0.000,0.000,0.000,0.000,0.462,0.000,0.000,0.000,0.000,0.000,1.336,0.000,0.035,0.000,0.000,0.000,0.000,0.000,0.000,0.000,1.123,0.000,0.000,0.000,1.202,0.000,0.000,0.000,0.000,0.000,0.055,0.000,0.829,0.000,2.772,0.000,0.268,0.000,0.000,1.721,0.000,0.247,0.000,0.386,2.588,0.000,0.000,0.000,0.000,0.000,0.000,0.000,0.619,0.000,0.000,0.096,1.640,0.000,1.475,0.000,0.000,0.000,0.000,0.810,0.000,0.000,0.000,0.000,0.000,0.885,0.000,0.000,0.000,0.000,0.000,0.000,0.000,0.000,0.000,0.000,0.000,0.000,0.000,1.347,0.000,0.000,0.000,0.000,0.000,0.000,1.272,0.000,0.000,0.000,0.000,0.000
0,A,25,I,0.000,0.000,0.000,0.000,0.000,0.000,0.000,0.000,0.000,0.000,1.957,0.000,0.228,0.000,0.000,0.000,0.000,0.000,0.000,0.000,0.000,0.000,0.057,0.000,0.757,0.000,0.000,0.000,0.000,0.000,0.000,0.000,0.036,0.000,0.173,0.000,1.069,0.000,0.000,0.000,0.000,1.176,0.000,0.525,2.236,0.000,0.000,0.000,0.000,0.000,0.000,0.000,0.000,0.000,0.000,0.000,0.260,0.000,0.000,0.000,0.000,0.000,0.000,0.000,0.000,0.000,0.000,0.000,0.000,0.000,0.000,0.000,0.000,0.000,0.000,0.000,0.847,0.000,0.000,0.000,0.404,0.000,0.000,0.000,0.000,0.000,0.000,0.000,0.000,0.000,0.000,0.000,0.000,0.000,0.543,0.639
0,A,26,T,0.000,0.000,0.000,0.000,1.324,0.108,0.000,0.000,0.000,0.000,0.000,0.000,1.268,0.000,0.000,0.000,0.000,0.000,0.000,0.000,0.000,0.000,0.000,0.000,0.000,0.000,0.000,0.000,0.000,0.000,0.000,0.000,0.000,0.000,0.000,0.000,0.000,0.000,0.000,0.000,0.000,0.477,0.287,0.000,1.998,0.000,0.000,0.000,0.000,0.000,0.000,0.000,0.000,0.000,0.000,0.000,0.000,0.000,0.000,0.372,0.000,0.000,0.000,0.000,0.000,0.000,0.734,0.000,0.000,0.245,0.000,0.000,0.000,0.000,0.000,0.000,0.000,0.000,0.000,0.000,0.187,0.000,0.000,0.000,0.000,0.377,0.000,0.248,0.257,0.000,0.220,0.000,0.000,0.000,0.000,0.000
0,A,27,K,0.000,0.000,0.000,0.000,0.164,0.000,0.000,0.000,0.000,0.000,0.000,0.000,2.401,0.000,0.000,0.000,0.000,0.000,1.691,0.000,0.000,0.000,0.000,0.000,0.000,2.015,0.000,0.000,0.000,0.000,0.000,0.308,0.000,0.731,0.000,0.201,0.000,0.000,0.000,0.000,0.000,0.000,0.000,2.794,1.255,0.000,0.000,0.000,0.000,0.000,0.000,1.428,0.000,0.000,0.000,0.573,0.000,0.000,0.000,0.000,0.000,0.000,0.000,0.000,0.000,0.000,0.000,0.000,0.000,0.000,0.000,0.000,0.651,0.000,0.000,0.000,0.000,0.013,0.000,0.620,0.018,0.000,0.000,0.033,0.000,1.009,0.096,0.000,1.100,0.000,0.000,0.000,0.000,0.000,0.000,0.000
0,A,28,S,0.000,0.000,0.000,0.000,0.000,0.004,0.000,0.000,0.000,0.000,0.000,0.000,0.000,0.000,0.000,0.000,0.000,0.000,0.451,0.000,0.000,0.000,0.000,0.000,0.000,0.000,0.000,0.000,0.000,0.000,0.000,0.000,0.000,0.794,0.000,0.069,0.000,0.000,0.000,0.000,0.000,0.000,0.000,0.365,0.572,0.000,0.000,0.000,0.000,0.000,0.000,0.961,0.000,0.000,0.000,0.000,0.000,0.000,0.111,0.785,0.000,0.000,0.000,0.000,0.000,0.000,0.000,0.000,0.000,0.000,0.000,0.000,1.278,0.000,0.000,0.000,0.000,0.335,0.000,0.000,0.827,0.000,0.000,0.057,0.000,0.000,0.000,0.922,2.214,0.000,0.000,0.000,0.000,0.049,0.000,0.000
0,A,29,E,0.000,0.000,0.000,0.000,0.000,0.000,0.000,0.000,0.000,0.000,0.000,0.000,1.066,0.000,0.000,0.000,0.000,0.000,2.663,0.000,0.000,0.000,0.000,0.000,0.000,2.169,0.593,0.000,0.000,0.000,0.059,0.000,0.000,0.000,0.000,0.482,0.000,0.000,0.000,0.000,0.000,0.000,0.676,0.231,1.333,0.000,0.000,0.000,0.000,0.000,0.000,0.000,0.000,0.000,0.000,0.000,0.000,0.000,0.019,0.191,0.000,0.000,0.000,0.000,0.000,0.000,0.687,0.000,0.000,0.916,0.000,0.000,0.000,0.000,0.000,0.000,0.000,0.548,0.000,0.000,0.000,0.000,0.000,0.000,0.000,0.000,0.000,0.000,1.344,0.000,0.000,0.000,0.000,0.000,0.000,0.000
0,A,30,A,0.000,0.000,0.000,0.000,0.327,0.000,0.000,0.000,0.000,0.000,0.000,0.000,0.000,0.000,0.000,0.000,0.000,0.000,1.186,0.000,0.000,0.000,0.000,0.000,0.000,0.000,0.000,0.000,0.000,1.101,0.000,0.000,0.000,0.000,0.787,0.000,0.000,0.000,0.000,0.000,0.000,0.000,0.000,0.000,3.384,0.000,0.000,0.155,0.000,0.000,0.193,0.465,0.000,0.000,0.000,0.000,0.236,0.000,0.000,0.000,0.000,0.000,0.000,0.000,0.000,0.000,0.000,0.000,0.000,0.000,0.000,0.000,0.000,0.290,0.000,0.000,0.000,0.000,0.000,0.000,0.000,0.000,0.000,0.000,0.000,0.000,0.000,0.000,0.000,0.000,0.000,0.000,0.000,2.339,0.000,0.000
0,A,31,Q,0.000,0.000,0.000,0.000,0.000,0.000,0.000,0.000,0.000,0.000,0.000,0.000,1.053,0.000,0.000,0.000,0.000,0.000,2.594,0.000,0.000,0.000,0.000,0.000,0.000,0.000,1.318,0.000,0.000,0.000,0.000,0.000,0.790,0.000,0.000,0.410,0.000,0.000,0.000,0.747,0.000,0.316,0.000,0.000,0.791,0.000,0.000,0.000,0.887,0.000,0.000,0.000,0.000,0.000,0.000,0.778,0.000,0.000,1.830,0.000,0.000,0.031,0.000,0.000,0.000,0.000,0.000,0.000,0.000,0.000,0.000,0.000,0.000,0.000,0.000,0.000,0.000,0.307,0.000,0.000,0.000,0.000,0.000,1.219,0.000,0.000,0.000,0.000,0.484,0.000,0.000,0.000,0.000,0.000,0.000,1.113
0,A,32,A,0.000,0.000,0.000,0.000,0.327,0.000,0.000,0.000,0.000,0.000,0.000,0.000,0.000,0.000,0.000,0.000,0.000,0.000,1.186,0.000,0.000,0.000,0.000,0.000,0.000,0.000,0.000,0.000,0.000,1.101,0.000,0.000,1.118,0.000,0.000,0.909,0.058,0.000,0.000,0.000,0.000,0.248,0.000,0.000,0.873,0.000,0.000,0.000,0.000,0.000,0.000,0.293,0.787,0.000,0.000,0.000,0.000,0.000,2.325,0.000,0.000,0.000,0.000,0.000,0.000,0.000,0.000,0.000,0.000,0.000,0.000,0.000,0.338,0.000,0.000,0.000,0.000,0.000,0.000,0.000,1.035,0.000,0.000,0.000,0.000,0.000,0.732,0.000,1.261,0.000,0.000,0.000,0.000,0.000,0.000,0.000
0,A,33,L,0.000,0.000,0.000,0.000,0.000,0.000,0.000,0.000,0.000,0.000,2.023,0.000,0.484,0.000,0.000,0.000,0.000,0.000,0.000,0.000,0.000,0.000,0.000,0.000,0.000,0.000,0.000,0.000,0.000,0.000,0.000,0.000,1.272,0.000,0.000,0.169,1.995,0.000,0.000,0.259,0.780,2.565,0.000,0.134,0.810,0.000,0.000,0.070,0.000,0.000,0.000,0.000,0.220,0.000,0.000,0.872,0.000,0.000,0.864,0.000,0.054,0.057,0.000,0.051,0.000,0.000,0.000,0.000,0.000,0.000,0.000,0.084,0.000,0.000,0.000,0.000,1.221,0.000,0.000,0.000,0.000,0.000,0.000,1.397,0.000,0.000,0.000,0.000,0.000,0.000,0.000,0.000,0.000,0.000,0.180,0.000
0,A,34,G,0.000,0.000,0.000,0.000,0.000,0.000,0.000,0.000,0.000,0.000,0.000,0.000,0.000,0.000,0.000,0.000,0.000,0.000,0.000,0.000,0.000,0.000,0.300,0.000,0.000,0.000,0.000,0.000,0.000,0.074,0.000,0.000,0.298,0.058,0.000,1.066,0.000,0.000,0.000,0.000,0.000,1.106,0.000,0.000,1.271,0.000,0.600,0.000,0.000,0.000,0.281,0.000,0.000,0.000,0.000,0.000,0.348,0.000,0.836,0.000,0.000,0.000,0.000,0.256,0.000,0.000,0.000,0.000,0.000,0.000,0.000,0.000,2.205,0.000,0.000,0.000,0.000,0.000,0.000,2.482,2.504,0.000,0.000,0.000,0.000,0.000,0.000,0.000,0.542,0.000,0.656,0.000,0.000,0.000,0.000,0.000
0,A,35,W,0.000,0.542,0.000,0.000,0.000,0.000,0.000,0.000,0.000,0.000,2.013,0.000,0.000,0.000,0.000,0.000,0.000,0.000,0.000,0.000,0.000,0.000,0.000,0.000,0.000,0.000,0.614,0.000,0.000,0.805,0.041,0.000,0.022,0.000,1.304,0.000,1.573,0.000,0.000,2.794,0.000,1.202,0.000,0.323,2.248,0.000,0.000,0.000,0.000,0.000,0.000,0.000,0.000,0.000,0.000,1.931,2.142,0.000,0.153,1.578,0.000,0.000,0.000,1.923,0.000,0.000,0.000,0.000,0.000,0.799,0.000,0.000,0.000,1.326,0.000,0.000,0.868,0.009,0.000,0.000,0.000,0.000,0.000,1.136,0.000,0.000,0.000,0.000,0.000,0.000,0.000,0.000,0.000,0.332,0.000,1.263
0,A,36,V,0.000,0.000,0.000,0.000,0.000,0.000,0.000,0.000,0.000,0.000,1.556,0.000,0.000,0.000,0.000,0.000,0.000,0.000,0.000,0.000,0.000,0.000,0.000,0.000,0.000,0.773,0.000,0.000,0.000,0.000,0.000,0.000,0.000,0.000,0.000,0.000,0.067,0.000,0.000,0.000,0.000,1.601,0.000,0.000,1.058,0.000,0.000,0.039,0.000,0.000,0.000,0.000,0.000,0.000,0.000,0.518,0.000,0.000,0.000,0.000,0.000,0.000,0.000,0.000,0.000,0.000,0.000,0.000,0.000,1.533,0.000,0.070,0.000,0.000,0.149,0.000,1.280,0.524,0.078,0.000,0.000,0.000,0.000,2.665,0.018,0.000,0.000,1.008,0.000,0.000,0.000,0.000,0.000,0.016,0.592,0.093
0,A,37,A,0.000,0.000,0.000,0.000,0.327,0.000,0.000,0.000,0.000,0.000,0.000,0.000,0.000,0.000,0.000,0.000,0.000,0.000,1.186,0.000,0.000,0.000,0.000,0.000,0.000,0.000,0.000,0.000,0.000,1.101,0.000,0.000,0.000,1.099,0.000,0.059,0.000,0.000,0.000,0.000,0.000,0.166,0.000,0.497,0.538,0.000,0.000,0.000,0.000,0.294,0.000,0.000,0.000,0.000,0.000,0.000,0.000,0.000,0.000,0.000,0.000,0.000,0.000,0.000,0.000,0.000,0.000,0.000,0.000,1.114,0.000,0.000,0.707,0.000,0.000,0.000,0.326,0.000,0.000,0.000,0.708,0.000,0.000,0.945,0.000,6.295,0.000,0.000,1.044,0.000,0.449,0.000,0.000,0.493,0.000,0.089
0,A,38,S,0.000,0.000,0.000,0.000,0.000,0.004,0.000,0.000,0.000,0.000,0.000,0.000,0.000,0.000,0.000,0.000,0.000,0.000,0.451,0.000,0.000,0.000,0.000,0.000,0.000,0.000,0.000,0.000,0.000,0.000,0.000,0.000,0.875,0.000,0.000,0.021,0.000,0.000,0.000,0.000,0.000,0.000,0.992,0.196,0.258,0.000,0.000,0.000,0.000,0.000,0.000,0.139,0.000,0.000,0.000,0.000,0.000,0.000,1.467,0.000,0.000,0.000,0.000,0.000,0.000,0.000,0.000,0.000,0.000,0.331,0.000,0.254,0.032,0.000,0.000,0.000,0.000,0.000,0.000,0.000,0.785,0.000,0.000,0.055,0.000,0.462,0.000,0.000,2.716,0.000,1.129,0.000,0.000,0.000,0.000,0.046
0,A,39,K,0.000,0.000,0.000,0.000,0.164,0.000,0.000,0.000,0.000,0.000,0.000,0.000,2.401,0.000,0.000,0.000,0.000,0.000,1.691,0.000,0.000,0.000,0.000,0.000,0.000,2.015,0.000,0.000,0.000,0.000,0.000,0.308,0.000,0.000,0.000,0.000,0.000,0.004,0.000,0.000,0.000,0.000,0.200,1.278,0.718,0.000,0.000,0.000,0.000,0.000,0.000,0.529,0.000,0.000,0.000,1.247,0.000,0.000,1.497,0.000,0.000,0.000,0.000,0.000,0.000,0.000,0.000,0.000,0.000,0.000,0.000,0.000,0.356,0.000,0.000,0.000,0.000,0.341,0.000,1.005,0.000,0.000,0.000,0.385,0.000,0.000,0.000,0.000,1.170,0.000,0.000,0.000,0.000,0.000,0.000,0.000
0,A,40,G,0.000,0.000,0.000,0.000,0.000,0.000,0.000,0.000,0.000,0.000,0.000,0.000,0.000,0.000,0.000,0.000,0.000,0.000,0.000,0.000,0.000,0.000,0.300,0.000,0.000,0.000,0.000,0.000,0.000,0.074,0.000,0.000,0.000,0.000,1.177,0.000,0.000,0.000,0.000,0.000,0.000,0.188,0.000,0.000,1.975,0.000,1.423,1.227,0.000,0.000,0.000,0.000,0.000,0.378,0.000,0.472,0.000,0.000,0.866,0.000,0.000,0.000,0.000,0.000,0.000,0.000,0.000,0.000,0.000,0.000,0.000,0.000,0.353,0.000,0.000,0.000,0.000,0.000,0.000,3.299,0.000,0.000,0.000,0.916,0.000,0.000,0.000,0.000,0.000,0.000,0.464,0.000,0.000,0.000,0.000,0.000
0,A,41,N,0.000,0.000,0.000,0.000,2.210,0.000,0.000,0.000,0.000,0.000,0.000,0.000,0.000,0.000,0.000,0.000,0.000,0.000,1.081,0.275,0.000,0.000,0.000,0.000,1.368,0.316,0.000,0.000,0.000,0.000,0.000,0.608,0.000,0.000,0.000,0.000,0.000,0.000,0.000,0.000,0.000,0.000,0.000,0.035,2.440,0.000,0.000,0.807,0.000,0.000,0.000,0.587,0.000,0.000,0.000,1.643,0.000,0.000,0.000,0.000,0.000,0.000,0.000,0.113,0.000,0.000,0.000,0.000,0.000,0.000,0.000,0.000,0.000,0.000,0.000,0.000,0.000,0.301,0.000,0.000,0.311,0.000,0.000,0.000,0.000,0.270,0.000,0.281,0.830,0.000,0.456,0.000,0.000,0.000,0.000,0.000
0,A,42,L,0.000,0.000,0.000,0.000,0.000,0.000,0.000,0.000,0.000,0.000,2.023,0.000,0.484,0.000,0.000,0.000,0.000,0.000,0.000,0.000,0.000,0.000,0.000,0.000,0.000,0.000,0.000,0.000,0.000,0.000,0.000,0.000,0.000,0.000,0.000,0.000,0.558,0.000,0.000,0.000,0.000,0.425,0.000,1.293,3.214,0.000,0.000,0.904,0.000,0.000,0.000,0.000,0.000,0.000,0.000,0.000,0.197,0.000,0.000,0.000,0.000,0.000,0.000,0.000,0.000,0.000,0.202,0.000,0.000,0.203,0.000,0.000,0.000,1.018,0.000,0.000,0.205,0.315,0.000,0.000,0.000,0.000,0.000,0.000,0.000,5.151,0.615,0.000,0.000,0.000,0.000,0.000,0.000,0.261,0.140,0.000
0,A,43,A,0.000,0.000,0.000,0.000,0.327,0.000,0.000,0.000,0.000,0.000,0.000,0.000,0.000,0.000,0.000,0.000,0.000,0.000,1.186,0.000,0.000,0.000,0.000,0.000,0.000,0.000,0.000,0.000,0.000,1.101,0.000,0.000,0.172,0.459,0.320,0.000,0.000,0.085,0.000,0.000,0.000,0.000,0.061,0.000,1.857,0.000,0.000,0.000,0.367,0.113,0.000,0.000,0.000,0.120,0.000,0.000,0.000,0.000,0.650,0.378,0.000,0.000,0.000,0.000,0.000,0.000,0.000,0.000,0.000,0.000,0.000,0.739,0.000,0.048,0.000,0.000,0.000,0.000,0.000,0.000,0.000,0.000,0.000,1.929,0.000,0.000,0.000,0.000,0.000,0.000,0.656,0.000,0.000,0.353,0.000,0.000
0,A,44,D,0.000,0.360,0.000,0.000,1.782,0.000,0.000,0.000,0.000,0.000,0.000,0.000,0.000,0.000,0.000,0.000,0.000,0.000,1.452,0.000,0.000,0.000,0.000,0.000,0.000,2.648,0.000,0.000,0.000,0.000,0.000,0.000,1.175,0.000,0.000,2.050,0.000,0.000,0.000,0.000,0.000,0.000,0.000,0.000,1.416,0.000,0.000,0.000,0.744,0.000,0.000,0.000,0.384,0.000,0.000,0.000,0.000,0.000,2.093,0.000,0.000,0.000,0.000,0.000,0.000,0.000,0.000,0.000,0.000,0.000,0.000,0.000,0.684,0.000,0.000,0.000,0.000,0.000,0.000,0.000,0.000,0.000,0.000,0.391,0.000,0.000,0.000,0.000,0.458,0.000,0.775,0.000,0.000,0.000,0.000,0.000
0,A,45,V,0.000,0.000,0.000,0.000,0.000,0.000,0.000,0.000,0.000,0.000,1.556,0.000,0.000,0.000,0.000,0.000,0.000,0.000,0.000,0.000,0.000,0.000,0.000,0.000,0.000,0.773,0.000,0.000,0.000,0.000,0.000,0.000,0.313,0.000,0.000,0.000,0.000,0.000,0.000,0.000,1.981,0.967,0.000,0.000,1.950,0.000,0.000,1.055,0.000,0.000,0.000,0.000,1.181,0.000,0.000,0.634,0.000,0.000,1.030,0.000,0.000,0.054,0.000,0.000,0.000,0.000,0.000,0.000,0.000,0.000,0.000,0.879,0.000,0.000,0.000,0.000,0.000,0.000,0.000,0.000,0.195,0.000,0.000,0.000,0.000,0.000,0.000,0.000,0.000,0.000,0.166,0.000,0.000,0.000,0.917,0.843
0,A,46,A,0.000,0.000,0.000,0.000,0.327,0.000,0.000,0.000,0.000,0.000,0.000,0.000,0.000,0.000,0.000,0.000,0.000,0.000,1.186,0.000,0.000,0.000,0.000,0.000,0.000,0.000,0.000,0.000,0.000,1.101,0.000,0.000,0.000,0.000,0.783,0.000,0.266,0.000,0.000,0.000,0.000,0.000,0.000,1.355,3.653,0.000,0.000,0.000,0.000,0.170,0.000,0.000,0.149,0.000,0.000,0.000,0.827,0.000,0.134,0.640,0.000,0.000,1.033,0.000,0.000,0.000,0.000,0.000,0.000,0.000,0.000,0.000,0.000,1.998,0.000,0.000,0.000,0.000,0.000,0.000,0.808,0.000,0.000,0.000,0.000,0.000,0.460,0.000,0.000,0.000,0.000,0.000,0.000,0.000,0.537,0.000
0,A,47,P,0.000,0.000,0.000,0.000,0.840,0.000,0.000,0.000,0.000,0.000,0.000,0.000,0.000,0.000,0.000,0.000,0.000,0.000,0.000,0.000,0.955,0.000,0.000,0.000,0.000,0.000,0.000,0.000,0.000,0.062,0.000,1.055,0.000,0.000,0.000,0.768,0.000,0.000,0.000,0.000,1.078,0.000,0.000,1.005,0.670,0.000,0.000,0.593,0.000,0.000,0.000,1.979,0.000,0.000,0.000,0.107,0.000,0.000,0.667,0.000,0.000,0.000,1.670,0.000,0.000,0.000,0.000,0.000,0.000,0.000,0.000,0.000,0.395,0.000,0.000,0.000,0.000,0.811,0.000,0.918,0.064,0.000,0.000,0.000,0.000,0.561,0.542,0.089,1.599,0.000,0.000,0.000,0.000,0.410,0.000,0.000
0,A,48,G,0.000,0.000,0.000,0.000,0.000,0.000,0.000,0.000,0.000,0.000,0.000,0.000,0.000,0.000,0.000,0.000,0.000,0.000,0.000,0.000,0.000,0.000,0.300,0.000,0.000,0.000,0.000,0.000,0.000,0.074,0.000,0.000,0.788,0.000,0.000,1.883,0.000,0.301,0.000,0.000,2.136,0.336,0.000,0.000,0.506,0.000,0.215,0.000,0.557,0.000,0.000,0.000,0.000,0.235,0.000,0.000,0.000,0.000,1.394,0.000,0.000,0.000,0.000,0.000,0.099,0.000,0.000,0.000,0.000,0.000,0.000,0.000,2.396,0.000,0.000,0.000,0.000,0.000,0.000,1.265,1.851,0.000,0.000,0.000,0.000,2.363,0.000,0.000,1.644,0.000,0.000,0.000,0.000,0.000,0.000,0.000
0,A,49,K,0.000,0.000,0.000,0.000,0.164,0.000,0.000,0.000,0.000,0.000,0.000,0.000,2.401,0.000,0.000,0.000,0.000,0.000,1.691,0.000,0.000,0.000,0.000,0.000,0.000,2.015,0.000,0.000,0.000,0.000,0.000,0.308,0.000,0.000,0.655,0.154,0.000,0.000,0.000,0.314,0.000,0.000,0.000,0.836,1.515,0.000,0.000,0.000,0.000,0.000,0.000,0.370,0.000,0.000,0.000,1.912,0.000,0.000,0.886,0.000,0.000,0.000,0.000,0.000,0.000,0.000,0.000,0.000,0.000,0.000,0.000,0.000,0.000,0.000,0.000,0.000,0.000,0.000,0.000,0.743,0.000,0.000,0.000,0.364,0.000,0.000,0.000,0.000,0.000,0.000,0.000,0.000,0.000,0.000,0.000,0.000
0,A,50,S,0.000,0.000,0.000,0.000,0.000,0.004,0.000,0.000,0.000,0.000,0.000,0.000,0.000,0.000,0.000,0.000,0.000,0.000,0.451,0.000,0.000,0.000,0.000,0.000,0.000,0.000,0.000,0.000,0.000,0.000,0.000,0.000,0.000,0.398,0.737,0.000,0.000,0.000,0.000,0.000,0.000,0.000,0.431,0.973,2.523,0.000,0.000,0.000,0.000,0.000,0.129,0.000,0.000,0.000,0.000,0.000,0.000,0.000,0.808,0.000,0.000,0.000,0.000,0.000,0.000,0.000,0.000,0.000,0.000,0.000,0.000,0.000,0.212,0.000,0.000,0.000,0.000,0.000,0.000,0.973,0.732,0.000,0.000,0.795,0.000,0.000,0.000,0.000,0.000,0.000,0.548,0.000,0.000,0.000,0.000,0.000
0,A,51,I,0.000,0.000,0.000,0.000,0.000,0.000,0.000,0.000,0.000,0.000,1.957,0.000,0.228,0.000,0.000,0.000,0.000,0.000,0.000,0.000,0.000,0.000,0.057,0.000,0.757,0.000,0.000,0.000,0.000,0.000,0.000,0.000,0.000,0.000,0.094,0.000,0.302,0.000,0.000,0.000,0.000,0.694,0.000,2.340,3.322,0.000,0.000,0.000,0.000,0.000,0.000,0.000,0.000,0.000,0.000,0.778,0.000,0.000,0.000,0.000,0.000,0.000,0.000,0.000,0.000,0.000,0.000,0.000,0.000,0.000,0.000,0.000,0.000,0.026,0.000,0.000,0.000,0.000,0.000,0.000,0.000,0.000,0.000,0.000,0.000,0.492,0.000,0.000,0.000,0.000,0.000,0.000,0.000,0.864,0.697,1.692
0,A,52,G,0.000,0.000,0.000,0.000,0.000,0.000,0.000,0.000,0.000,0.000,0.000,0.000,0.000,0.000,0.000,0.000,0.000,0.000,0.000,0.000,0.000,0.000,0.300,0.000,0.000,0.000,0.000,0.000,0.000,0.074,0.000,0.000,0.000,0.000,0.664,0.000,0.000,0.000,0.000,0.000,0.000,0.514,0.000,0.000,2.460,0.000,0.000,0.807,0.000,0.000,0.000,0.000,0.000,0.000,0.000,0.425,0.000,0.000,0.207,0.000,0.000,0.052,0.000,0.000,0.000,0.000,0.000,0.000,0.000,0.000,0.000,0.000,0.000,0.000,0.000,0.000,0.000,0.000,0.000,3.449,0.000,0.000,0.000,0.000,0.000,0.000,0.188,0.000,0.000,0.000,0.762,0.000,0.000,0.000,0.000,0.000
0,A,53,G,0.000,0.000,0.000,0.000,0.000,0.000,0.000,0.000,0.000,0.000,0.000,0.000,0.000,0.000,0.000,0.000,0.000,0.000,0.000,0.000,0.000,0.000,0.300,0.000,0.000,0.000,0.000,0.000,0.000,0.074,0.000,0.000,0.000,0.000,0.134,0.000,0.000,0.000,0.000,0.000,0.000,0.313,0.526,0.849,2.380,0.000,0.000,0.000,0.000,0.000,0.000,0.000,0.000,0.000,0.000,0.000,0.000,0.000,0.000,0.000,0.000,0.000,0.000,0.000,0.000,0.000,0.000,0.000,0.000,0.000,0.000,0.000,0.319,0.000,0.000,0.000,0.000,0.000,0.000,2.928,1.924,0.000,0.000,0.497,0.000,0.000,0.000,0.000,0.000,0.000,0.850,0.000,0.000,0.000,0.000,0.000
0,A,54,D,0.000,0.360,0.000,0.000,1.782,0.000,0.000,0.000,0.000,0.000,0.000,0.000,0.000,0.000,0.000,0.000,0.000,0.000,1.452,0.000,0.000,0.000,0.000,0.000,0.000,2.648,0.000,0.000,0.000,0.000,0.000,0.000,0.000,0.000,0.008,0.000,0.000,0.000,0.000,0.000,0.004,0.000,0.000,0.000,2.147,0.000,0.000,0.000,3.467,0.000,0.000,0.000,0.091,0.000,0.000,0.000,0.000,0.000,0.138,0.000,0.000,0.000,0.000,0.000,0.000,0.000,0.292,0.000,0.000,0.000,0.000,0.000,0.000,0.000,0.000,0.000,0.000,0.000,0.000,0.979,2.465,0.000,0.000,0.000,0.000,0.000,0.000,0.000,0.000,0.000,0.328,0.000,0.000,0.000,0.000,0.000
0,A,55,I,0.000,0.000,0.000,0.000,0.000,0.000,0.000,0.000,0.000,0.000,1.957,0.000,0.228,0.000,0.000,0.000,0.000,0.000,0.000,0.000,0.000,0.000,0.057,0.000,0.757,0.000,0.000,0.000,0.000,0.000,0.000,0.000,0.000,0.000,0.000,0.000,0.000,0.000,0.000,0.000,0.000,0.454,0.000,0.649,1.439,0.000,0.000,0.164,0.000,0.000,0.000,0.000,0.000,0.000,0.000,1.015,0.000,0.000,1.584,0.000,0.000,0.000,0.000,0.000,0.000,0.000,0.000,0.000,0.000,0.000,0.000,0.222,0.000,0.000,0.000,0.000,0.000,0.270,0.000,0.000,0.000,0.000,0.000,1.394,0.000,0.826,0.000,0.000,0.082,0.000,0.000,0.000,0.000,0.000,0.809,0.000
0,A,56,F,0.000,0.000,0.000,0.000,0.000,0.000,0.000,0.000,0.000,0.000,0.000,0.000,0.000,0.000,0.000,0.000,0.000,0.000,0.000,0.000,0.000,0.000,0.000,0.000,0.000,0.000,0.000,0.000,0.000,1.212,0.000,0.000,0.000,0.000,0.550,0.000,0.887,0.147,0.000,1.347,0.000,1.597,0.000,0.983,2.819,0.000,0.000,0.000,0.000,0.000,0.000,0.000,0.000,0.000,0.000,0.000,0.837,0.000,0.421,0.000,0.000,0.000,0.000,2.433,0.000,0.000,0.000,0.000,0.000,0.000,0.000,0.000,0.000,0.996,0.000,0.000,0.882,0.289,0.000,0.000,0.000,0.000,0.000,0.331,0.000,0.000,0.000,0.000,0.000,0.000,0.000,0.000,0.000,0.000,0.000,0.000
0,A,57,S,0.000,0.000,0.000,0.000,0.000,0.004,0.000,0.000,0.000,0.000,0.000,0.000,0.000,0.000,0.000,0.000,0.000,0.000,0.451,0.000,0.000,0.000,0.000,0.000,0.000,0.000,0.000,0.000,0.000,0.000,0.000,0.000,0.000,0.000,0.000,0.000,0.000,0.000,0.000,0.000,0.505,0.000,0.039,0.000,1.576,0.000,0.000,0.009,0.000,0.000,0.000,0.000,0.000,0.000,0.000,0.134,0.000,0.000,0.877,0.000,0.000,0.000,0.000,0.000,0.000,0.047,0.116,0.000,0.000,0.720,0.000,0.000,0.000,0.000,0.000,0.000,0.000,0.427,0.000,0.242,0.040,0.000,0.000,0.000,0.000,3.949,0.000,0.000,2.596,0.000,1.368,0.000,0.000,0.000,0.207,0.043
0,A,58,N,0.000,0.000,0.000,0.000,2.210,0.000,0.000,0.000,0.000,0.000,0.000,0.000,0.000,0.000,0.000,0.000,0.000,0.000,1.081,0.275,0.000,0.000,0.000,0.000,1.368,0.316,0.000,0.000,0.000,0.000,0.000,0.608,0.000,0.000,0.000,0.000,0.000,0.000,0.000,0.000,0.000,0.000,0.000,0.275,2.377,0.000,0.000,1.117,0.942,0.200,0.000,0.000,0.000,0.000,0.000,0.000,0.000,0.000,0.000,0.759,0.000,0.000,0.000,0.412,0.000,0.000,0.000,0.000,0.000,0.000,0.000,0.000,0.004,0.985,0.000,0.000,0.000,0.000,0.000,1.898,0.000,0.000,0.000,0.000,0.000,0.603,0.000,0.518,0.399,0.000,0.000,0.000,0.000,0.000,0.000,0.000
0,A,59,R,0.000,0.000,0.000,0.000,0.000,0.000,0.000,0.000,0.000,0.000,0.000,0.000,2.246,0.000,0.000,0.000,0.000,0.000,0.000,0.000,3.105,0.000,0.000,0.000,0.000,1.234,0.403,0.000,0.000,0.000,0.000,0.038,0.000,0.580,0.000,0.088,0.000,0.207,0.000,0.367,0.000,0.000,0.000,1.417,0.805,0.000,0.000,0.000,0.000,0.000,0.000,0.567,0.000,0.000,0.000,2.740,0.000,0.000,1.296,0.000,0.594,0.000,0.000,0.000,0.000,0.000,0.000,0.000,0.000,0.000,0.157,0.471,0.000,0.000,0.000,0.000,0.984,1.233,0.000,0.000,0.000,0.000,0.000,0.824,0.000,3.068,0.136,0.000,1.880,0.000,0.000,0.000,0.000,0.000,0.000,0.589
0,A,60,E,0.000,0.000,0.000,0.000,0.000,0.000,0.000,0.000,0.000,0.000,0.000,0.000,1.066,0.000,0.000,0.000,0.000,0.000,2.663,0.000,0.000,0.000,0.000,0.000,0.000,2.169,0.593,0.000,0.000,0.000,0.059,0.000,1.278,0.000,0.000,0.000,0.000,0.810,0.000,0.703,0.490,0.000,0.000,0.300,0.402,0.000,0.000,0.000,0.000,0.000,0.000,0.000,0.518,0.000,0.000,0.555,0.000,0.000,1.496,1.583,0.000,0.056,0.000,0.198,0.000,0.000,0.037,0.000,0.000,0.000,0.000,0.000,0.000,0.000,0.000,0.000,0.000,0.000,0.000,0.000,0.000,0.000,0.000,0.000,0.000,0.000,0.000,0.250,1.579,0.000,0.527,0.000,0.000,0.000,0.000,1.329
0,A,61,G,0.000,0.000,0.000,0.000,0.000,0.000,0.000,0.000,0.000,0.000,0.000,0.000,0.000,0.000,0.000,0.000,0.000,0.000,0.000,0.000,0.000,0.000,0.300,0.000,0.000,0.000,0.000,0.000,0.000,0.074,0.000,0.000,0.000,0.000,0.497,0.529,0.000,0.000,0.000,0.000,0.000,0.000,0.000,0.000,1.048,0.000,0.255,0.000,0.000,0.000,0.000,0.833,0.000,0.000,0.000,0.000,0.314,0.000,3.117,0.000,0.000,0.000,0.000,0.000,0.000,0.000,0.000,0.000,0.000,0.000,0.000,0.000,3.884,0.000,0.000,0.000,0.000,0.000,0.000,2.375,0.832,0.000,0.000,0.909,0.000,0.000,0.000,0.000,0.000,0.000,0.646,0.000,0.000,0.000,0.000,0.000
0,A,62,K,0.000,0.000,0.000,0.000,0.164,0.000,0.000,0.000,0.000,0.000,0.000,0.000,2.401,0.000,0.000,0.000,0.000,0.000,1.691,0.000,0.000,0.000,0.000,0.000,0.000,2.015,0.000,0.000,0.000,0.000,0.000,0.308,0.579,0.000,0.382,0.000,0.000,0.000,0.000,0.000,0.000,0.000,0.352,1.810,1.818,0.000,0.000,0.000,0.000,0.000,0.000,0.772,0.000,0.000,0.000,3.368,0.000,0.000,1.311,0.000,0.000,0.000,0.000,0.000,0.000,0.000,0.000,0.000,0.000,0.000,0.000,0.000,0.000,0.000,0.000,0.000,0.000,0.000,0.000,0.133,0.000,0.000,0.000,0.000,0.000,1.228,0.451,0.000,0.750,0.000,0.000,0.000,0.000,0.000,0.000,0.914
0,A,63,L,0.000,0.000,0.000,0.000,0.000,0.000,0.000,0.000,0.000,0.000,2.023,0.000,0.484,0.000,0.000,0.000,0.000,0.000,0.000,0.000,0.000,0.000,0.000,0.000,0.000,0.000,0.000,0.000,0.000,0.000,0.000,0.000,0.973,0.000,1.241,0.000,1.799,0.000,0.000,0.000,0.000,0.589,0.000,1.239,3.286,0.000,0.000,0.000,0.000,0.000,0.000,0.000,0.695,0.000,0.000,0.000,0.279,0.000,1.282,0.307,0.000,0.000,0.000,0.000,0.000,0.000,0.000,0.000,0.000,0.000,0.000,0.000,0.000,1.144,0.000,0.000,0.000,0.000,0.000,0.000,0.000,0.000,0.000,0.224,0.000,0.000,0.000,0.000,0.000,0.000,0.000,0.000,0.000,0.000,0.632,0.022
0,A,64,P,0.000,0.000,0.000,0.000,0.840,0.000,0.000,0.000,0.000,0.000,0.000,0.000,0.000,0.000,0.000,0.000,0.000,0.000,0.000,0.000,0.955,0.000,0.000,0.000,0.000,0.000,0.000,0.000,0.000,0.062,0.000,1.055,0.000,0.000,0.000,0.000,0.000,0.232,0.000,0.000,0.000,0.000,0.000,1.792,1.137,0.000,0.000,0.000,0.000,0.158,0.000,1.488,0.000,0.000,0.000,0.000,0.000,0.000,0.000,0.000,0.000,0.000,0.000,0.000,0.000,0.000,0.000,0.000,0.000,0.000,0.000,0.000,0.000,0.000,0.000,0.000,0.000,1.090,0.000,2.100,0.000,0.000,0.000,0.299,0.000,0.300,0.000,0.000,1.404,0.000,0.248,0.000,0.000,0.850,0.000,0.000
0,A,65,G,0.000,0.000,0.000,0.000,0.000,0.000,0.000,0.000,0.000,0.000,0.000,0.000,0.000,0.000,0.000,0.000,0.000,0.000,0.000,0.000,0.000,0.000,0.300,0.000,0.000,0.000,0.000,0.000,0.000,0.074,0.000,0.000,0.000,0.000,0.000,0.341,0.000,0.413,0.000,0.193,1.730,1.357,0.000,0.000,0.804,0.000,0.000,0.667,0.000,0.000,0.000,0.504,0.000,0.000,0.000,0.711,0.000,0.000,1.419,0.000,0.000,0.000,0.000,0.000,0.000,0.464,0.000,0.000,0.000,0.000,0.000,0.000,0.000,0.000,0.000,0.000,0.000,0.000,0.000,2.020,0.000,0.000,0.000,0.000,0.000,0.298,0.000,0.000,1.283,0.000,2.199,0.000,0.000,0.000,0.000,0.000
0,A,66,K,0.000,0.000,0.000,0.000,0.164,0.000,0.000,0.000,0.000,0.000,0.000,0.000,2.401,0.000,0.000,0.000,0.000,0.000,1.691,0.000,0.000,0.000,0.000,0.000,0.000,2.015,0.000,0.000,0.000,0.000,0.000,0.308,0.000,0.000,0.000,0.247,0.000,0.000,0.000,0.023,0.000,0.000,0.161,1.740,0.386,0.000,0.000,0.000,0.000,0.000,0.000,1.617,0.000,0.000,0.000,0.000,0.000,0.000,1.055,0.000,0.000,0.000,0.000,0.000,0.000,0.000,0.000,0.000,0.000,0.000,0.000,0.000,0.214,0.663,0.000,0.000,0.000,0.000,0.000,0.800,0.419,0.000,0.000,0.973,0.000,0.000,0.223,0.303,0.998,0.000,0.000,0.000,0.000,0.000,0.000,0.000
0,A,67,S,0.000,0.000,0.000,0.000,0.000,0.004,0.000,0.000,0.000,0.000,0.000,0.000,0.000,0.000,0.000,0.000,0.000,0.000,0.451,0.000,0.000,0.000,0.000,0.000,0.000,0.000,0.000,0.000,0.000,0.000,0.000,0.000,0.000,0.000,0.000,0.644,0.000,1.022,0.000,0.000,1.309,0.000,0.205,0.000,0.101,0.000,0.000,0.000,0.000,0.000,0.000,0.571,0.000,0.000,0.000,1.422,0.000,0.000,1.442,0.000,0.000,0.000,0.000,0.000,0.000,0.759,0.029,0.000,0.000,0.000,0.000,0.000,0.784,0.465,0.000,0.000,0.000,1.093,0.000,0.000,0.638,0.000,0.000,0.684,0.000,0.754,0.000,0.423,3.040,0.000,0.000,0.000,0.000,0.000,0.000,0.000
0,A,68,G,0.000,0.000,0.000,0.000,0.000,0.000,0.000,0.000,0.000,0.000,0.000,0.000,0.000,0.000,0.000,0.000,0.000,0.000,0.000,0.000,0.000,0.000,0.300,0.000,0.000,0.000,0.000,0.000,0.000,0.074,0.000,0.000,1.212,0.895,0.000,1.785,0.000,0.009,0.000,0.000,0.000,0.118,0.941,0.611,0.746,0.000,0.000,0.000,0.000,0.000,0.000,1.711,0.000,0.000,0.000,0.000,0.000,0.000,2.520,0.000,0.365,0.000,0.000,0.000,0.000,0.000,0.000,0.000,0.000,0.000,0.000,0.000,1.878,0.000,0.000,0.000,0.000,0.000,0.000,1.096,1.885,0.019,0.000,0.000,0.000,1.705,0.193,0.291,1.320,0.000,0.214,0.000,0.000,0.000,0.000,0.214
0,A,69,R,0.000,0.000,0.000,0.000,0.000,0.000,0.000,0.000,0.000,0.000,0.000,0.000,2.246,0.000,0.000,0.000,0.000,0.000,0.000,0.000,3.105,0.000,0.000,0.000,0.000,1.234,0.403,0.000,0.000,0.000,0.000,0.038,0.000,0.000,1.471,0.000,0.000,0.000,0.000,0.000,0.000,0.000,0.000,0.183,2.894,0.000,0.000,0.000,0.000,0.000,0.000,0.000,0.000,0.000,0.000,0.000,0.000,0.000,2.720,0.000,0.000,0.000,0.000,0.000,0.000,0.000,0.000,0.000,0.000,0.230,0.000,0.000,0.000,1.066,0.000,0.000,0.000,0.000,0.000,0.000,0.000,0.000,0.000,0.000,0.000,0.000,0.000,0.000,0.000,0.000,0.000,0.000,0.000,0.000,0.000,0.000
0,A,70,T,0.000,0.000,0.000,0.000,1.324,0.108,0.000,0.000,0.000,0.000,0.000,0.000,1.268,0.000,0.000,0.000,0.000,0.000,0.000,0.000,0.000,0.000,0.000,0.000,0.000,0.000,0.000,0.000,0.000,0.000,0.000,0.000,0.000,0.000,0.000,0.000,0.000,0.996,0.000,0.000,0.000,0.746,0.891,0.058,1.258,0.000,0.000,0.000,0.000,0.000,0.000,0.000,0.036,0.000,0.000,0.000,0.000,0.000,0.000,0.000,0.000,0.000,0.000,0.000,0.000,0.000,0.960,0.000,0.000,0.212,0.000,0.000,0.000,0.000,0.000,0.000,0.000,0.164,0.000,0.000,1.075,0.000,0.000,0.000,0.000,0.000,0.000,0.000,1.325,0.000,0.355,0.000,0.000,0.620,0.000,0.627
0,A,71,W,0.000,0.542,0.000,0.000,0.000,0.000,0.000,0.000,0.000,0.000,2.013,0.000,0.000,0.000,0.000,0.000,0.000,0.000,0.000,0.000,0.000,0.000,0.000,0.000,0.000,0.000,0.614,0.000,0.000,0.805,0.041,0.000,0.000,0.000,2.628,0.000,0.607,0.000,0.000,1.387,0.000,0.000,0.000,1.356,3.502,0.000,0.000,0.000,0.000,0.000,0.000,0.000,0.000,0.000,0.000,0.000,2.262,0.000,0.000,0.000,0.000,0.000,0.000,1.655,0.000,0.000,0.000,0.000,0.000,0.525,0.000,0.000,0.000,0.000,0.000,0.000,0.000,0.000,0.000,0.000,0.000,0.000,0.000,1.949,0.000,0.000,0.000,0.000,0.000,0.000,0.793,0.000,0.000,0.022,0.000,0.000
0,A,72,R,0.000,0.000,0.000,0.000,0.000,0.000,0.000,0.000,0.000,0.000,0.000,0.000,2.246,0.000,0.000,0.000,0.000,0.000,0.000,0.000,3.105,0.000,0.000,0.000,0.000,1.234,0.403,0.000,0.000,0.000,0.000,0.038,0.000,0.000,0.265,0.000,0.000,0.000,0.000,0.815,0.000,0.000,0.000,0.374,1.051,0.000,0.000,0.000,0.000,0.000,0.000,0.000,0.000,0.000,0.000,1.321,0.000,0.000,0.694,0.000,0.000,0.000,0.000,0.000,0.000,0.000,0.000,0.000,0.000,0.000,0.000,0.000,0.000,0.000,0.000,0.000,2.597,0.225,0.000,0.243,0.000,0.000,0.000,1.537,0.000,0.000,0.000,0.000,0.209,0.000,0.000,0.000,0.000,0.231,0.000,0.000
0,A,73,E,0.000,0.000,0.000,0.000,0.000,0.000,0.000,0.000,0.000,0.000,0.000,0.000,1.066,0.000,0.000,0.000,0.000,0.000,2.663,0.000,0.000,0.000,0.000,0.000,0.000,2.169,0.593,0.000,0.000,0.000,0.059,0.000,0.000,0.000,0.090,0.000,0.000,0.000,0.000,0.000,0.542,0.000,1.183,0.000,2.486,0.000,0.000,0.000,0.000,0.000,0.000,0.000,0.000,0.000,0.000,1.511,0.000,0.000,0.205,0.000,0.000,0.000,0.000,0.000,0.000,0.000,0.000,0.000,0.000,4.024,0.000,0.000,0.000,0.000,0.000,0.000,0.000,0.000,0.000,0.000,0.000,0.000,0.000,0.000,0.000,0.000,0.000,0.077,0.759,0.000,0.703,0.000,0.000,0.173,0.000,0.822
0,A,74,A,0.000,0.000,0.000,0.000,0.327,0.000,0.000,0.000,0.000,0.000,0.000,0.000,0.000,0.000,0.000,0.000,0.000,0.000,1.186,0.000,0.000,0.000,0.000,0.000,0.000,0.000,0.000,0.000,0.000,1.101,0.000,0.000,0.000,0.000,0.367,0.000,0.873,0.000,0.000,0.000,0.000,0.000,0.000,0.000,3.467,0.000,0.000,0.000,0.000,0.000,0.000,0.000,0.000,0.000,0.000,0.000,0.149,0.000,0.000,0.000,0.000,0.000,0.000,0.000,0.000,0.000,0.000,0.000,0.000,2.567,0.000,0.000,0.000,0.000,0.000,0.000,0.000,0.000,0.000,0.092,1.036,0.000,0.000,0.000,0.000,0.000,0.000,0.000,0.000,0.000,1.073,0.000,0.000,0.620,0.194,1.564
0,A,75,D,0.000,0.360,0.000,0.000,1.782,0.000,0.000,0.000,0.000,0.000,0.000,0.000,0.000,0.000,0.000,0.000,0.000,0.000,1.452,0.000,0.000,0.000,0.000,0.000,0.000,2.648,0.000,0.000,0.000,0.000,0.000,0.000,0.000,0.000,0.000,0.000,0.000,0.000,0.000,0.000,0.000,0.000,0.000,0.000,2.502,0.000,0.000,0.000,0.765,0.000,0.000,0.000,0.000,0.000,0.000,0.000,0.000,0.000,0.037,0.000,0.000,0.000,0.000,0.274,0.000,0.000,0.000,0.000,0.000,0.000,0.000,0.000,0.000,0.000,0.000,0.000,0.000,0.361,0.000,0.395,0.000,0.000,0.000,0.000,0.000,0.000,0.000,0.000,0.390,0.000,0.000,0.000,0.000,0.000,0.000,0.000
0,A,76,I,0.000,0.000,0.000,0.000,0.000,0.000,0.000,0.000,0.000,0.000,1.957,0.000,0.228,0.000,0.000,0.000,0.000,0.000,0.000,0.000,0.000,0.000,0.057,0.000,0.757,0.000,0.000,0.000,0.000,0.000,0.000,0.000,0.000,0.000,1.766,0.000,0.000,0.000,0.000,0.000,0.000,0.292,0.000,0.395,3.141,0.000,0.000,0.944,0.000,0.000,0.000,0.000,0.000,0.000,0.000,0.987,0.000,0.000,0.999,0.000,0.000,0.000,0.000,0.000,0.000,0.000,0.000,0.000,0.000,0.000,0.000,0.026,0.000,0.177,0.000,0.000,0.000,0.000,0.000,0.232,0.000,0.000,0.000,0.479,0.000,0.000,0.000,0.000,0.000,0.000,0.404,0.000,0.000,0.000,0.517,0.071
0,A,77,N,0.000,0.000,0.000,0.000,2.210,0.000,0.000,0.000,0.000,0.000,0.000,0.000,0.000,0.000,0.000,0.000,0.000,0.000,1.081,0.275,0.000,0.000,0.000,0.000,1.368,0.316,0.000,0.000,0.000,0.000,0.000,0.608,1.301,0.000,0.000,0.923,0.000,0.000,0.000,0.000,0.172,0.000,0.294,0.269,1.867,0.000,0.000,0.000,0.743,0.000,0.000,0.000,0.000,0.000,0.000,0.000,0.000,0.000,1.559,0.000,0.000,0.000,0.000,0.000,0.000,0.000,0.000,0.000,0.000,0.000,0.000,0.000,0.616,0.000,0.000,0.000,0.000,0.000,0.000,0.000,0.522,0.000,0.000,0.815,0.000,0.761,0.000,0.000,0.000,0.000,0.750,0.000,0.000,0.000,0.000,0.000
0,A,78,Y,0.000,0.000,0.000,0.000,0.462,0.000,0.000,0.000,0.000,0.000,1.336,0.000,0.035,0.000,0.000,0.000,0.000,0.000,0.000,0.000,1.123,0.000,0.000,0.000,1.202,0.000,0.000,0.000,0.000,0.000,0.055,0.000,0.012,0.000,0.873,0.000,0.000,0.000,0.000,1.179,0.000,0.546,0.148,0.000,2.349,0.000,0.000,0.000,0.000,0.000,0.000,0.000,0.000,0.000,0.000,0.094,1.082,0.000,0.820,0.000,0.000,0.000,0.000,1.728,0.000,0.000,0.000,0.000,0.000,0.332,0.000,0.000,0.000,0.117,0.000,0.000,0.000,0.000,0.000,0.000,0.000,0.000,0.000,0.218,0.000,0.663,0.000,0.000,0.000,0.000,0.000,0.000,0.000,0.000,0.000,0.848
0,A,79,T,0.000,0.000,0.000,0.000,1.324,0.108,0.000,0.000,0.000,0.000,0.000,0.000,1.268,0.000,0.000,0.000,0.000,0.000,0.000,0.000,0.000,0.000,0.000,0.000,0.000,0.000,0.000,0.000,0.000,0.000,0.000,0.000,0.000,0.000,0.000,0.023,0.000,0.049,0.000,0.000,0.000,0.592,1.057,0.789,1.232,0.000,0.000,0.000,0.000,0.000,0.000,0.000,0.293,0.000,0.000,0.000,0.000,0.000,0.662,0.000,0.000,0.000,0.000,0.000,0.000,0.000,0.029,0.000,0.000,0.000,0.000,0.082,0.428,0.000,0.000,0.000,0.000,0.230,0.000,0.000,0.489,0.000,0.000,0.000,0.000,0.986,0.000,0.337,2.012,0.000,0.853,0.000,0.000,0.000,0.000,0.553
0,A,80,S,0.000,0.000,0.000,0.000,0.000,0.004,0.000,0.000,0.000,0.000,0.000,0.000,0.000,0.000,0.000,0.000,0.000,0.000,0.451,0.000,0.000,0.000,0.000,0.000,0.000,0.000,0.000,0.000,0.000,0.000,0.000,0.000,0.000,0.000,0.000,0.000,0.000,0.000,0.000,0.000,0.000,0.000,0.084,0.586,1.344,0.000,0.000,0.000,0.000,0.000,0.000,0.000,0.000,0.000,0.000,0.000,0.000,0.000,1.744,0.426,0.000,0.000,0.000,0.046,0.000,0.000,0.000,0.000,0.000,0.000,0.000,0.000,0.000,0.000,0.000,0.000,0.000,0.000,0.000,0.253,0.246,0.000,0.000,0.000,0.000,0.000,0.000,0.000,1.817,0.000,0.000,0.000,0.000,0.156,0.000,0.000
0,A,81,G,0.000,0.000,0.000,0.000,0.000,0.000,0.000,0.000,0.000,0.000,0.000,0.000,0.000,0.000,0.000,0.000,0.000,0.000,0.000,0.000,0.000,0.000,0.300,0.000,0.000,0.000,0.000,0.000,0.000,0.074,0.000,0.000,0.000,0.553,0.000,0.613,0.000,0.000,0.000,0.000,0.000,0.000,1.936,0.280,1.829,0.000,0.230,0.000,0.000,0.000,0.504,1.929,0.000,0.000,0.000,0.000,0.000,0.000,0.341,0.000,0.000,0.000,0.000,0.000,0.000,0.000,0.000,0.000,0.000,0.000,0.000,0.000,0.480,0.000,0.000,0.000,0.000,0.000,0.000,3.310,2.767,0.021,0.000,0.000,0.000,0.000,0.000,0.000,0.462,0.000,0.907,0.000,0.000,0.000,0.000,0.101
0,A,82,F,0.000,0.000,0.000,0.000,0.000,0.000,0.000,0.000,0.000,0.000,0.000,0.000,0.000,0.000,0.000,0.000,0.000,0.000,0.000,0.000,0.000,0.000,0.000,0.000,0.000,0.000,0.000,0.000,0.000,1.212,0.000,0.000,1.044,0.000,0.000,0.000,1.340,0.000,0.000,3.030,0.000,1.930,0.000,0.759,0.329,0.000,0.000,0.000,0.000,0.000,0.000,0.183,0.000,0.000,0.000,0.041,0.975,0.000,1.300,0.000,0.000,0.000,0.000,0.000,0.000,0.000,0.000,0.000,0.000,0.000,0.000,0.000,0.037,0.000,0.000,0.000,1.731,0.000,0.000,0.000,0.819,0.000,0.000,2.899,0.000,0.000,0.000,0.000,0.125,0.000,0.874,0.000,0.000,0.000,0.000,0.077
0,A,83,R,0.000,0.000,0.000,0.000,0.000,0.000,0.000,0.000,0.000,0.000,0.000,0.000,2.246,0.000,0.000,0.000,0.000,0.000,0.000,0.000,3.105,0.000,0.000,0.000,0.000,1.234,0.403,0.000,0.000,0.000,0.000,0.038,0.000,0.000,0.000,0.000,0.000,0.000,0.000,0.000,0.000,0.000,0.000,1.487,1.240,0.000,0.000,0.000,0.000,0.000,0.000,0.000,0.000,0.000,0.000,2.349,0.000,0.000,1.737,0.000,0.000,0.000,0.000,0.000,0.000,0.000,0.000,0.000,0.000,0.000,0.000,0.000,0.087,0.000,0.000,0.000,0.000,0.000,0.000,0.193,0.000,0.000,0.000,0.485,0.000,0.344,0.000,0.000,0.392,0.000,0.000,0.000,0.000,0.000,0.000,0.217
0,A,84,N,0.000,0.000,0.000,0.000,2.210,0.000,0.000,0.000,0.000,0.000,0.000,0.000,0.000,0.000,0.000,0.000,0.000,0.000,1.081,0.275,0.000,0.000,0.000,0.000,1.368,0.316,0.000,0.000,0.000,0.000,0.000,0.608,0.000,0.000,0.000,0.000,0.000,0.000,0.000,0.000,0.000,0.000,0.000,0.649,1.515,0.000,0.000,1.208,0.990,0.000,0.000,0.000,0.000,0.000,0.000,0.000,0.000,0.000,1.399,0.000,0.000,0.000,0.000,0.000,0.000,0.000,0.000,0.000,0.000,0.049,0.000,0.000,0.929,0.000,0.000,0.000,0.000,0.000,0.000,0.753,0.080,0.000,0.000,1.103,0.000,0.000,0.000,0.700,0.441,0.000,0.683,0.000,0.000,0.000,0.000,0.000
0,A,85,S,0.000,0.000,0.000,0.000,0.000,0.004,0.000,0.000,0.000,0.000,0.000,0.000,0.000,0.000,0.000,0.000,0.000,0.000,0.451,0.000,0.000,0.000,0.000,0.000,0.000,0.000,0.000,0.000,0.000,0.000,0.000,0.000,0.000,0.000,0.000,0.000,0.000,0.055,0.000,0.000,2.746,0.000,0.349,0.000,1.457,0.000,0.000,0.000,0.000,0.000,0.000,0.000,0.000,0.000,0.000,1.067,0.000,0.000,0.102,0.000,0.000,0.000,0.774,0.000,0.000,0.531,0.088,0.000,0.000,0.000,0.000,0.000,0.592,0.000,0.000,0.000,0.000,0.000,0.000,0.000,0.765,0.000,0.000,0.078,0.000,0.000,0.000,0.000,1.603,0.000,0.926,0.000,0.000,0.997,0.010,0.000
0,A,86,D,0.000,0.360,0.000,0.000,1.782,0.000,0.000,0.000,0.000,0.000,0.000,0.000,0.000,0.000,0.000,0.000,0.000,0.000,1.452,0.000,0.000,0.000,0.000,0.000,0.000,2.648,0.000,0.000,0.000,0.000,0.000,0.000,0.539,0.000,0.455,2.464,0.000,0.000,0.000,0.000,0.000,0.000,0.097,0.000,2.735,0.000,0.000,0.061,0.000,0.000,0.000,0.000,0.000,0.000,0.000,0.000,0.000,0.000,0.235,0.000,0.000,0.000,0.000,0.801,0.000,0.000,0.000,0.000,0.000,0.000,0.000,0.000,0.000,0.000,0.000,0.000,0.000,0.000,0.000,0.000,0.000,0.000,0.000,0.000,0.000,0.000,0.000,0.180,0.000,0.000,0.630,0.000,0.000,0.000,0.000,0.031
0,A,87,R,0.000,0.000,0.000,0.000,0.000,0.000,0.000,0.000,0.000,0.000,0.000,0.000,2.246,0.000,0.000,0.000,0.000,0.000,0.000,0.000,3.105,0.000,0.000,0.000,0.000,1.234,0.403,0.000,0.000,0.000,0.000,0.038,0.000,0.000,0.000,0.000,0.000,0.000,0.000,0.000,0.000,0.000,0.000,0.302,2.873,0.000,0.000,0.318,0.000,0.000,0.000,0.000,0.000,0.000,0.000,1.410,0.000,0.000,0.000,0.000,0.000,0.000,0.000,0.000,0.000,0.000,0.000,0.000,0.000,0.000,0.000,0.000,0.000,0.000,0.000,0.000,0.000,0.128,0.000,0.272,0.000,0.000,0.000,0.000,0.000,0.000,0.000,0.000,0.000,0.000,0.000,0.000,0.000,0.000,0.000,0.942
0,A,88,I,0.000,0.000,0.000,0.000,0.000,0.000,0.000,0.000,0.000,0.000,1.957,0.000,0.228,0.000,0.000,0.000,0.000,0.000,0.000,0.000,0.000,0.000,0.057,0.000,0.757,0.000,0.000,0.000,0.000,0.000,0.000,0.000,0.000,0.000,1.019,0.000,0.403,0.000,0.000,0.000,0.000,0.571,0.000,2.086,3.396,0.000,0.000,0.550,0.000,0.000,0.000,0.000,0.000,0.000,0.000,0.000,0.503,0.000,0.000,0.000,0.000,0.000,0.000,0.000,0.000,0.000,0.000,0.000,0.000,0.000,0.000,0.000,0.000,0.000,0.132,0.000,0.000,0.000,0.065,0.000,0.000,0.000,0.000,2.163,0.024,0.000,0.030,0.000,0.000,0.000,0.000,0.000,0.000,0.338,0.290,0.571
0,A,89,L,0.000,0.000,0.000,0.000,0.000,0.000,0.000,0.000,0.000,0.000,2.023,0.000,0.484,0.000,0.000,0.000,0.000,0.000,0.000,0.000,0.000,0.000,0.000,0.000,0.000,0.000,0.000,0.000,0.000,0.000,0.000,0.000,0.000,0.000,0.981,0.000,0.681,0.000,0.000,0.000,0.000,0.771,0.000,1.046,3.099,0.000,0.460,0.253,0.000,0.000,0.000,0.000,0.101,0.057,0.000,0.000,0.000,0.000,0.000,0.000,0.000,0.000,0.000,0.000,0.000,0.000,0.000,0.000,0.000,0.000,0.000,0.000,0.000,0.000,0.000,0.000,0.000,0.000,0.000,0.000,0.000,0.000,0.000,0.339,0.000,0.000,0.000,0.000,0.000,0.000,0.000,0.000,0.000,1.546,0.322,0.000
0,A,90,Y,0.000,0.000,0.000,0.000,0.462,0.000,0.000,0.000,0.000,0.000,1.336,0.000,0.035,0.000,0.000,0.000,0.000,0.000,0.000,0.000,1.123,0.000,0.000,0.000,1.202,0.000,0.000,0.000,0.000,0.000,0.055,0.000,0.747,0.000,0.724,0.000,0.748,0.000,0.000,1.812,0.000,0.995,0.735,0.079,2.584,0.000,0.000,0.000,0.157,0.000,0.000,0.000,0.000,0.000,0.000,0.000,2.103,0.000,0.000,0.000,0.000,0.000,0.000,2.040,0.000,0.000,0.000,0.000,0.000,0.344,0.000,0.000,0.000,0.190,0.000,0.000,0.273,0.000,0.000,0.000,0.000,0.000,0.000,0.178,0.000,0.000,0.000,0.000,0.000,0.000,0.768,0.000,0.000,0.092,0.000,3.000
0,A,91,S,0.000,0.000,0.000,0.000,0.000,0.004,0.000,0.000,0.000,0.000,0.000,0.000,0.000,0.000,0.000,0.000,0.000,0.000,0.451,0.000,0.000,0.000,0.000,0.000,0.000,0.000,0.000,0.000,0.000,0.000,0.000,0.000,0.000,0.068,0.581,0.000,0.000,0.000,0.000,0.000,0.000,0.000,0.000,0.626,2.877,0.000,0.000,0.000,0.000,0.000,0.549,0.000,0.000,0.000,0.000,0.000,0.000,0.000,0.502,0.000,0.000,0.000,0.000,0.405,0.000,0.000,0.000,0.000,0.000,0.000,0.000,0.000,0.000,0.902,0.000,0.000,0.000,0.000,0.000,0.467,0.000,0.000,0.000,0.000,0.000,0.219,0.000,0.000,0.050,0.000,0.000,0.000,0.000,1.062,0.000,0.000
0,A,92,S,0.000,0.000,0.000,0.000,0.000,0.004,0.000,0.000,0.000,0.000,0.000,0.000,0.000,0.000,0.000,0.000,0.000,0.000,0.451,0.000,0.000,0.000,0.000,0.000,0.000,0.000,0.000,0.000,0.000,0.000,0.000,0.000,0.000,0.270,0.000,0.000,0.000,0.716,0.000,0.000,0.000,0.000,1.322,0.000,1.792,0.000,0.000,0.000,0.000,0.000,0.000,0.792,0.000,0.000,0.000,0.000,0.000,0.000,0.575,0.000,0.000,0.000,0.000,0.000,0.000,0.000,0.000,0.000,0.000,0.699,0.000,0.000,1.020,0.000,0.000,0.000,0.000,0.124,0.000,0.000,0.754,0.000,0.000,0.000,0.000,0.987,0.000,0.296,1.420,0.000,0.239,0.000,0.000,0.000,0.000,0.389
0,A,93,D,0.000,0.360,0.000,0.000,1.782,0.000,0.000,0.000,0.000,0.000,0.000,0.000,0.000,0.000,0.000,0.000,0.000,0.000,1.452,0.000,0.000,0.000,0.000,0.000,0.000,2.648,0.000,0.000,0.000,0.000,0.000,0.000,0.000,0.153,0.000,1.725,0.000,0.000,0.000,0.000,0.000,0.000,1.178,0.237,1.670,0.000,0.000,0.000,0.497,0.000,0.000,0.000,0.000,0.000,0.000,0.000,0.000,0.000,1.121,0.000,0.000,0.000,0.000,0.707,0.000,0.000,0.000,0.000,0.000,0.000,0.000,0.000,0.374,0.000,0.000,0.000,0.000,0.000,0.000,0.311,0.320,0.000,0.000,0.000,0.000,0.000,0.000,0.706,1.689,0.000,0.169,0.000,0.000,0.000,0.000,0.000
0,A,94,W,0.000,0.542,0.000,0.000,0.000,0.000,0.000,0.000,0.000,0.000,2.013,0.000,0.000,0.000,0.000,0.000,0.000,0.000,0.000,0.000,0.000,0.000,0.000,0.000,0.000,0.000,0.614,0.000,0.000,0.805,0.041,0.000,0.000,0.000,0.752,0.000,1.338,0.000,0.000,1.089,0.000,1.143,0.000,0.903,2.010,0.000,0.000,0.000,0.000,0.000,0.000,0.000,0.000,0.000,0.000,0.461,2.363,0.000,1.015,2.593,0.000,0.000,0.000,1.847,0.000,0.000,0.000,0.000,0.000,0.000,0.000,0.000,0.000,0.355,0.000,0.000,0.158,0.383,0.000,0.000,0.000,0.000,0.000,1.076,0.000,0.000,0.000,0.000,0.000,0.000,0.963,0.000,0.000,0.000,0.000,0.000
0,A,95,L,0.000,0.000,0.000,0.000,0.000,0.000,0.000,0.000,0.000,0.000,2.023,0.000,0.484,0.000,0.000,0.000,0.000,0.000,0.000,0.000,0.000,0.000,0.000,0.000,0.000,0.000,0.000,0.000,0.000,0.000,0.000,0.000,0.000,0.000,0.000,0.000,0.695,0.000,0.000,0.000,0.210,2.154,0.000,0.217,1.520,0.000,0.000,0.000,0.611,0.000,0.000,0.000,0.635,0.000,0.000,0.643,0.000,0.000,0.000,0.077,0.000,0.000,0.000,0.000,0.000,0.000,0.349,0.000,0.000,0.000,0.000,0.000,0.000,0.000,0.095,0.000,0.000,0.000,0.020,0.000,0.000,0.000,0.000,1.066,0.019,0.885,0.000,0.000,0.000,0.000,0.000,0.000,0.000,1.025,0.386,0.000
0,A,96,I,0.000,0.000,0.000,0.000,0.000,0.000,0.000,0.000,0.000,0.000,1.957,0.000,0.228,0.000,0.000,0.000,0.000,0.000,0.000,0.000,0.000,0.000,0.057,0.000,0.757,0.000,0.000,0.000,0.000,0.000,0.000,0.000,0.000,0.000,0.458,0.000,0.227,0.000,0.000,0.000,0.000,0.611,0.000,0.492,2.981,0.000,0.000,0.000,0.000,0.000,0.000,0.000,0.000,0.000,0.000,0.679,0.000,0.000,0.000,0.000,0.000,0.000,0.000,0.000,0.000,0.000,0.000,0.000,0.000,0.000,0.000,0.399,0.000,0.000,0.000,0.000,0.000,0.000,0.000,0.000,0.000,0.000,0.000,0.000,0.000,0.126,0.000,0.000,0.000,0.000,0.000,0.000,0.000,0.064,0.658,0.221
0,A,97,Y,0.000,0.000,0.000,0.000,0.462,0.000,0.000,0.000,0.000,0.000,1.336,0.000,0.035,0.000,0.000,0.000,0.000,0.000,0.000,0.000,1.123,0.000,0.000,0.000,1.202,0.000,0.000,0.000,0.000,0.000,0.055,0.000,0.000,0.000,0.559,0.000,0.818,0.000,0.000,2.142,0.000,1.037,0.129,0.838,2.247,0.000,0.000,0.000,0.000,0.000,0.000,0.000,0.000,0.000,0.000,0.277,1.418,0.000,0.000,0.000,0.000,0.000,0.000,1.981,0.000,0.000,0.000,0.000,0.000,0.000,0.000,0.000,0.000,0.000,0.000,0.000,0.538,0.000,0.000,0.000,0.000,0.000,0.000,0.011,0.000,0.000,0.000,0.000,0.000,0.000,0.000,0.000,0.000,0.347,0.000,0.000
0,A,98,K,0.000,0.000,0.000,0.000,0.164,0.000,0.000,0.000,0.000,0.000,0.000,0.000,2.401,0.000,0.000,0.000,0.000,0.000,1.691,0.000,0.000,0.000,0.000,0.000,0.000,2.015,0.000,0.000,0.000,0.000,0.000,0.308,0.000,0.000,1.454,0.000,0.841,0.000,0.000,0.000,0.798,0.583,0.000,1.567,1.505,0.000,0.000,0.000,0.000,0.000,0.000,0.000,0.000,0.000,0.000,0.000,0.000,0.000,0.000,0.000,0.000,0.000,0.000,0.000,0.000,0.000,0.000,0.000,0.000,0.000,0.000,0.000,0.000,0.082,0.000,0.000,0.000,0.000,0.000,0.769,0.000,0.000,0.000,1.565,0.000,0.000,0.000,0.000,0.396,0.000,0.000,0.000,0.000,2.086,0.000,0.000
0,A,99,T,0.000,0.000,0.000,0.000,1.324,0.108,0.000,0.000,0.000,0.000,0.000,0.000,1.268,0.000,0.000,0.000,0.000,0.000,0.000,0.000,0.000,0.000,0.000,0.000,0.000,0.000,0.000,0.000,0.000,0.000,0.000,0.000,0.000,0.000,1.499,0.000,0.000,0.000,0.000,0.000,0.000,0.000,1.024,0.000,3.276,0.000,0.000,0.000,0.000,0.000,0.140,0.000,0.000,0.000,0.000,0.000,0.000,0.000,0.000,0.000,0.000,0.000,0.000,0.000,0.000,0.000,0.000,0.000,0.000,1.534,0.000,0.000,0.000,0.000,0.000,0.000,0.000,0.000,0.000,0.419,0.000,0.000,0.000,0.000,0.000,0.000,0.000,0.000,0.000,0.000,0.427,0.000,0.000,0.000,0.000,0.000
0,A,100,T,0.000,0.000,0.000,0.000,1.324,0.108,0.000,0.000,0.000,0.000,0.000,0.000,1.268,0.000,0.000,0.000,0.000,0.000,0.000,0.000,0.000,0.000,0.000,0.000,0.000,0.000,0.000,0.000,0.000,0.000,0.000,0.000,0.000,0.000,0.000,0.000,1.102,1.219,0.000,0.000,0.000,0.065,1.452,0.000,1.331,0.000,0.000,0.000,0.000,0.000,0.000,0.000,0.000,0.000,0.000,0.566,0.000,0.000,1.397,0.068,0.000,0.000,0.000,0.000,0.000,0.000,0.276,0.000,0.000,0.000,0.000,0.461,0.000,0.000,0.000,0.000,0.000,0.000,0.000,0.000,0.398,0.000,0.000,0.288,0.000,0.567,0.000,0.000,1.269,0.000,0.980,0.000,0.000,0.000,0.507,0.000
0,A,101,D,0.000,0.360,0.000,0.000,1.782,0.000,0.000,0.000,0.000,0.000,0.000,0.000,0.000,0.000,0.000,0.000,0.000,0.000,1.452,0.000,0.000,0.000,0.000,0.000,0.000,2.648,0.000,0.000,0.000,0.000,0.000,0.000,0.000,0.000,0.000,0.062,0.000,0.000,0.000,0.000,1.002,0.262,0.000,0.000,1.233,0.000,0.000,0.000,1.228,0.000,0.000,0.000,0.000,0.000,0.000,0.435,0.000,0.000,0.701,0.000,0.000,0.000,0.000,0.000,0.000,0.000,0.000,0.000,0.000,0.000,0.000,0.000,0.000,0.000,0.000,0.000,0.000,0.000,0.000,1.930,1.176,0.000,0.000,0.000,0.000,0.000,0.000,1.072,1.302,0.000,0.494,0.000,0.000,0.000,0.000,0.000
0,A,102,H,0.000,0.000,0.000,0.000,2.367,0.000,0.000,0.000,0.000,0.000,0.000,0.000,0.927,0.000,0.000,0.000,0.000,0.000,0.000,0.000,0.000,0.000,0.450,0.000,0.000,0.000,2.226,0.000,0.000,0.000,0.000,0.000,0.000,0.000,0.000,0.000,0.071,0.000,0.000,1.099,0.000,0.442,0.155,1.028,1.226,0.000,0.000,0.000,0.000,0.000,0.000,0.049,0.000,0.000,0.000,0.347,0.000,0.000,0.821,0.000,0.000,0.061,0.000,0.407,0.000,0.000,0.000,0.000,0.000,0.095,0.000,0.000,0.097,0.000,0.000,0.000,0.005,0.148,0.000,0.000,0.000,0.000,0.000,0.557,0.000,0.655,0.536,0.000,0.421,0.000,0.158,0.000,0.000,0.000,0.000,0.000
0,A,103,Y,0.000,0.000,0.000,0.000,0.462,0.000,0.000,0.000,0.000,0.000,1.336,0.000,0.035,0.000,0.000,0.000,0.000,0.000,0.000,0.000,1.123,0.000,0.000,0.000,1.202,0.000,0.000,0.000,0.000,0.000,0.055,0.000,0.389,0.000,1.515,0.000,0.309,0.000,0.000,0.858,0.000,0.693,0.382,1.260,2.640,0.000,0.000,0.000,0.000,0.000,0.000,0.000,0.000,0.000,0.000,0.012,0.903,0.000,0.166,0.422,0.000,0.000,0.000,0.065,0.000,0.000,0.000,0.000,0.000,0.905,0.000,0.000,0.000,0.000,0.000,0.000,0.000,0.467,0.000,0.000,0.000,0.000,0.000,2.436,0.000,1.956,0.000,0.000,0.000,0.000,0.705,0.000,0.000,0.000,0.000,0.000
0,A,104,Q,0.000,0.000,0.000,0.000,0.000,0.000,0.000,0.000,0.000,0.000,0.000,0.000,1.053,0.000,0.000,0.000,0.000,0.000,2.594,0.000,0.000,0.000,0.000,0.000,0.000,0.000,1.318,0.000,0.000,0.000,0.000,0.000,0.414,0.000,0.000,0.802,0.000,0.000,0.000,0.403,0.000,0.000,0.000,0.000,0.427,0.000,0.000,0.000,0.000,0.000,0.000,0.000,0.069,0.000,0.000,0.229,0.000,0.000,0.994,0.000,0.001,0.005,3.113,0.000,0.000,0.000,0.000,0.000,0.000,0.000,0.000,0.000,0.000,0.000,0.000,0.000,0.247,0.543,0.000,0.000,0.303,0.000,0.000,0.672,0.000,0.000,0.000,0.000,1.183,0.000,0.000,0.000,0.000,0.000,0.000,0.000
0,A,105,T,0.000,0.000,0.000,0.000,1.324,0.108,0.000,0.000,0.000,0.000,0.000,0.000,1.268,0.000,0.000,0.000,0.000,0.000,0.000,0.000,0.000,0.000,0.000,0.000,0.000,0.000,0.000,0.000,0.000,0.000,0.000,0.000,0.000,0.000,0.000,0.000,0.000,0.000,0.000,0.000,0.000,1.302,0.480,0.000,1.159,0.000,0.000,0.000,0.000,0.000,0.000,0.000,0.373,0.000,0.000,0.000,0.000,0.000,0.000,0.000,0.000,0.000,0.000,0.000,0.000,0.000,0.000,0.000,0.000,0.000,0.000,0.000,0.361,0.000,0.000,0.000,0.000,0.000,0.000,0.000,2.296,0.000,0.000,0.000,0.000,0.000,0.000,0.040,1.630,0.000,0.000,0.000,0.000,0.000,0.000,0.095
0,A,106,F,0.000,0.000,0.000,0.000,0.000,0.000,0.000,0.000,0.000,0.000,0.000,0.000,0.000,0.000,0.000,0.000,0.000,0.000,0.000,0.000,0.000,0.000,0.000,0.000,0.000,0.000,0.000,0.000,0.000,1.212,0.000,0.000,0.354,0.000,1.298,0.000,1.335,0.000,0.000,1.210,0.000,1.269,0.000,0.939,1.993,0.000,0.000,0.000,0.224,0.000,0.000,0.000,0.200,0.000,0.000,0.777,1.322,0.000,1.809,0.000,0.000,0.000,0.000,0.867,0.000,0.000,0.149,0.000,0.000,0.604,0.000,0.000,0.000,0.000,0.000,0.000,0.000,0.000,0.000,0.000,0.000,0.020,0.000,0.760,0.000,0.111,0.000,0.000,0.260,0.000,0.660,0.000,0.000,0.000,0.000,0.000
0,A,107,T,0.000,0.000,0.000,0.000,1.324,0.108,0.000,0.000,0.000,0.000,0.000,0.000,1.268,0.000,0.000,0.000,0.000,0.000,0.000,0.000,0.000,0.000,0.000,0.000,0.000,0.000,0.000,0.000,0.000,0.000,0.000,0.000,0.000,0.000,0.000,0.000,0.000,0.000,0.000,0.000,0.000,0.138,0.000,0.079,1.618,0.000,0.000,0.000,0.000,0.000,0.000,0.000,0.000,0.000,0.000,0.000,0.000,0.000,0.000,0.000,0.000,0.000,0.000,0.000,0.000,0.000,0.315,0.000,0.000,0.171,0.000,0.000,0.000,0.000,0.000,0.000,0.000,0.000,0.000,0.000,1.422,0.000,0.000,0.401,0.000,0.000,0.000,0.000,1.343,0.000,0.498,0.000,0.000,0.000,0.000,0.814
0,A,108,K,0.000,0.000,0.000,0.000,0.164,0.000,0.000,0.000,0.000,0.000,0.000,0.000,2.401,0.000,0.000,0.000,0.000,0.000,1.691,0.000,0.000,0.000,0.000,0.000,0.000,2.015,0.000,0.000,0.000,0.000,0.000,0.308,0.068,0.000,0.000,0.619,0.000,0.000,0.000,0.000,0.000,0.000,0.000,2.018,1.593,0.000,0.000,0.000,1.272,0.000,0.000,0.000,0.000,0.000,0.000,0.000,0.000,0.000,2.351,0.000,0.000,0.000,0.000,0.000,0.000,0.000,0.000,0.000,0.000,0.000,0.000,0.000,0.319,0.000,0.000,0.000,0.000,0.000,0.000,0.586,0.000,0.000,0.000,0.000,0.000,0.943,0.137,0.000,0.904,0.000,0.000,0.000,0.000,0.000,0.000,0.000
0,A,109,I,0.000,0.000,0.000,0.000,0.000,0.000,0.000,0.000,0.000,0.000,1.957,0.000,0.228,0.000,0.000,0.000,0.000,0.000,0.000,0.000,0.000,0.000,0.057,0.000,0.757,0.000,0.000,0.000,0.000,0.000,0.000,0.000,0.000,0.000,0.000,0.000,1.071,0.000,0.000,0.000,4.937,2.129,0.000,0.000,2.594,0.000,0.000,0.000,0.000,0.000,0.000,0.000,0.000,0.000,0.000,1.912,0.000,0.000,0.027,0.000,0.000,0.000,0.000,0.000,0.000,2.697,0.000,0.000,0.000,0.000,0.000,0.069,0.000,0.954,0.000,0.000,0.000,0.034,0.000,0.288,0.000,0.000,0.000,0.000,0.000,1.613,0.000,0.000,0.347,0.000,0.794,0.000,0.000,0.046,0.557,0.561
0,A,110,R,0.000,0.000,0.000,0.000,0.000,0.000,0.000,0.000,0.000,0.000,0.000,0.000,2.246,0.000,0.000,0.000,0.000,0.000,0.000,0.000,3.105,0.000,0.000,0.000,0.000,1.234,0.403,0.000,0.000,0.000,0.000,0.038,0.000,0.000,0.000,0.000,0.000,0.000,0.000,0.220,0.000,0.000,0.881,0.603,1.947,0.000,0.000,0.275,0.000,0.000,0.000,0.000,0.000,0.000,0.072,2.103,0.000,0.000,0.360,0.431,0.000,0.000,0.000,0.000,0.000,0.000,0.000,0.000,0.000,0.000,0.000,0.000,0.144,0.000,0.000,0.000,0.000,0.183,0.000,0.000,0.000,0.000,0.000,0.910,0.000,0.000,0.000,0.063,0.066,0.000,0.000,0.000,0.000,0.000,0.000,4.583
